id,area_id,start_at,end_at,wday,wday_start_at,wday_hours_to_end
10101,101,2017-05-03 06:00:00,2017-05-25 06:29:59,127,00:00:00,24
10102,101,2017-06-14 06:00:00,2017-07-06 23:59:59,127,00:00:00,24
10103,101,2017-07-27 00:00:00,2017-09-22 06:29:59,127,00:00:00,24
10201,102,2017-05-03 06:00:00,2017-05-25 06:29:59,127,00:00:00,24
10202,102,2017-06-14 06:00:00,2017-07-06 23:59:59,127,00:00:00,24
10203,102,2017-07-27 00:00:00,2017-09-22 06:29:59,127,00:00:00,24
10301,103,2017-05-03 06:00:00,2017-05-25 06:29:59,127,00:00:00,24
10302,103,2017-06-14 06:00:00,2017-07-06 23:59:59,127,00:00:00,24
10303,103,2017-07-27 00:00:00,2017-09-22 06:29:59,127,00:00:00,24
10401,104,2017-05-03 06:00:00,2017-05-25 06:29:59,127,00:00:00,24
10402,104,2017-06-14 06:00:00,2017-07-06 23:59:59,127,00:00:00,24
10403,104,2017-07-27 00:00:00,2017-09-22 06:29:59,127,00:00:00,24
10501,105,2017-05-03 06:00:00,2017-05-25 06:29:59,127,00:00:00,24
10502,105,2017-06-14 06:00:00,2017-07-06 23:59:59,127,00:00:00,24
10503,105,2017-07-27 00:00:00,2017-09-22 06:29:59,127,00:00:00,24
10601,106,2015-08-25 06:30:00,2015-08-26 06:30:00,127,00:00:00,24
10701,107,2015-08-25 06:30:00,2015-08-26 06:30:00,127,00:00:00,24
10801,108,2015-08-25 06:30:00,2015-08-26 06:30:00,127,00:00:00,24
10901,109,2015-08-25 06:30:00,2015-08-26 06:30:00,127,00:00:00,24
11001,110,2015-08-25 06:30:00,2015-08-26 06:30:00,127,00:00:00,24
11101,111,2017-09-22 06:30:00,2038-01-01 00:00:00,127,00:00:00,24
11501,115,2017-05-03 06:00:00,2017-06-22 06:29:59,65,06:30:00,24
11502,115,2017-06-22 06:30:00,2017-07-07 05:59:59,127,00:00:00,24
11503,115,2017-07-07 06:00:00,2017-09-05 05:59:59,65,06:30:00,24
11601,116,2024-03-18 00:00:00,2038-01-01 00:00:00,62,00:00:00,24
11602,116,2018-01-18 00:00:00,2018-01-31 23:59:59,127,00:00:00,24
11603,116,2023-11-03 00:00:00,2024-03-01 06:29:59,62,00:00:00,24
12001,120,2009-02-10 17:00:00,2038-01-01 00:00:00,127,00:00:00,24
12501,125,2016-09-03 06:30:00,2016-09-05 05:59:59,127,00:00:00,24
12601,126,2015-02-13 08:30:00,2015-02-15 07:59:59,127,00:00:00,24
13001,130,2016-02-19 08:10:00,2018-10-02 23:59:59,127,00:00:00,24
13002,130,2018-10-04 00:00:00,2022-12-11 23:59:59,127,00:00:00,24
13101,131,2017-11-14 00:00:00,2020-08-20 01:59:59,127,00:00:00,24
13102,131,2020-10-05 15:00:00,2021-12-02 23:59:59,127,00:00:00,24
13201,132,2017-07-07 00:00:00,2021-12-02 23:59:59,127,00:00:00,24
13301,133,2025-01-19 05:00:00,2025-01-29 07:59:59,127,06:30:00,24
13401,134,2023-04-18 06:30:00,2023-04-28 05:59:59,127,06:30:00,24
13402,134,2021-04-20 06:30:00,2021-04-30 05:59:59,127,06:30:00,24
13501,135,2017-07-24 00:00:00,2017-10-14 23:59:59,1,06:00:00,18
13502,135,2017-11-01 00:00:00,2018-03-31 23:59:59,1,00:00:00,24
13503,135,2018-04-02 00:00:00,2038-01-01 00:00:00,127,00:00:00,24
13601,136,2015-08-25 06:30:00,2015-08-26 06:30:00,127,00:00:00,24
13701,137,2017-11-06 06:30:00,2017-11-28 05:59:59,127,00:00:00,24
13801,138,2017-05-08 06:30:00,2017-05-31 05:59:59,127,00:00:00,24
13901,139,2024-04-02 06:00:00,2024-04-10 05:59:59,127,06:00:00,24
14001,140,2018-01-31 06:30:00,2018-02-15 05:59:59,62,00:00:00,24
14002,140,2019-11-12 00:00:00,2019-12-08 23:59:59,127,00:00:00,24
14003,140,2018-02-19 00:00:00,2022-01-16 23:59:59,2,00:00:00,24
14101,141,2020-08-21 06:00:00,2020-10-05 14:59:59,127,00:00:00,24
14102,141,2018-01-18 00:00:00,2022-01-16 23:59:59,4,00:00:00,24
14201,142,2019-12-09 00:00:00,2020-01-05 23:59:59,127,00:00:00,24
14202,142,2018-01-18 00:00:00,2022-01-16 23:59:59,8,00:00:00,24
14301,143,2020-02-03 06:30:00,2020-03-02 05:59:59,127,06:30:00,24
14302,143,2018-11-22 00:00:00,2022-01-16 23:59:59,16,00:00:00,24
14303,143,2018-10-25 00:00:00,2018-10-25 23:59:59,16,00:00:00,24
14401,144,2021-08-10 00:00:00,2022-01-16 23:59:59,127,00:00:00,24
14402,144,2018-05-12 06:00:00,2022-01-16 23:59:59,32,00:00:00,24
14601,146,2021-08-28 00:00:00,2021-10-05 23:59:59,65,00:00:00,24
14602,146,2020-08-28 00:00:00,2020-10-04 23:59:59,65,00:00:00,24
14701,147,2017-07-07 06:30:00,2017-07-28 05:59:59,127,00:00:00,24
14901,149,2038-01-01 00:00:00,2038-01-01 00:00:00,127,00:00:00,24
15001,150,2019-06-06 06:30:00,2019-06-21 05:59:59,127,06:30:00,24
15101,151,2017-07-14 08:00:00,2017-08-01 05:59:59,127,00:00:00,24
15201,152,2024-10-25 05:00:00,2024-11-06 07:59:59,127,06:30:00,24
15301,153,2023-03-01 00:00:00,2024-05-31 06:29:59,2,00:00:00,24
15302,153,2024-03-06 06:30:00,2024-03-28 23:59:59,127,06:30:00,24
15401,154,2023-03-01 00:00:00,2024-05-31 06:29:59,4,00:00:00,24
15402,154,2024-03-06 06:30:00,2024-03-28 23:59:59,127,06:30:00,24
15501,155,2023-03-01 00:00:00,2024-05-31 06:29:59,8,00:00:00,24
15502,155,2024-03-06 06:30:00,2024-03-28 23:59:59,127,06:30:00,24
15601,156,2023-03-01 00:00:00,2024-05-31 06:29:59,16,00:00:00,24
15602,156,2024-03-06 06:30:00,2024-03-28 23:59:59,127,06:30:00,24
15701,157,2023-03-01 00:00:00,2024-05-31 06:29:59,32,00:00:00,24
15702,157,2024-03-06 06:30:00,2024-03-28 23:59:59,127,06:30:00,24
15801,158,2024-03-29 00:00:00,2024-05-31 06:29:59,65,00:00:00,24
15901,159,2018-07-07 00:00:00,2018-08-12 23:59:59,127,00:00:00,24
16001,160,2024-10-22 05:00:00,2024-11-04 07:59:59,127,06:30:00,24
16101,161,2024-06-30 00:00:00,2024-08-28 05:59:59,127,00:00:00,24
16201,162,2023-11-22 06:00:00,2023-12-19 05:59:59,127,06:00:00,24
16301,163,2018-08-29 02:00:00,2018-08-29 23:59:59,127,02:00:00,24
16401,164,2018-08-30 00:00:00,2018-08-30 23:59:59,127,00:00:00,24
16501,165,2018-08-31 00:00:00,2018-08-31 23:59:59,127,00:00:00,24
16601,166,2018-09-01 00:00:00,2018-09-01 23:59:59,127,00:00:00,24
16701,167,2018-09-02 00:00:00,2018-09-02 23:59:59,127,00:00:00,24
16801,168,2018-09-03 00:00:00,2018-09-03 23:59:59,127,00:00:00,24
16901,169,2018-09-04 00:00:00,2018-09-04 23:59:59,127,00:00:00,24
17101,171,2024-10-25 05:00:00,2024-11-06 07:59:59,127,06:30:00,24
17201,172,2019-07-29 00:00:00,2019-08-13 05:59:59,127,00:00:00,24
17301,173,2019-07-23 00:00:00,2019-08-13 05:59:59,127,00:00:00,24
17501,175,2024-08-13 06:30:00,2024-08-28 05:59:59,127,00:00:00,24
17701,177,2019-07-07 00:00:00,2019-08-12 23:59:59,127,00:00:00,24
17801,178,2019-07-07 00:00:00,2019-08-12 23:59:59,127,00:00:00,24
17901,179,2024-04-02 06:00:00,2024-04-10 05:59:59,127,06:00:00,24
18101,181,2024-11-06 05:00:00,2024-11-29 07:59:59,127,06:30:00,24
18201,182,2019-09-13 05:00:00,2019-10-03 07:59:59,127,05:00:00,24
18301,183,2019-08-27 05:00:00,2019-08-28 04:59:59,127,05:00:00,24
18401,184,2019-08-28 05:00:00,2019-08-29 04:59:59,127,05:00:00,24
18501,185,2019-08-29 05:00:00,2019-08-30 04:59:59,127,05:00:00,24
18601,186,2019-08-30 05:00:00,2019-08-31 04:59:59,127,05:00:00,24
18701,187,2019-08-31 05:00:00,2019-09-01 04:59:59,127,05:00:00,24
18801,188,2024-10-25 05:00:00,2024-11-06 07:59:59,127,06:30:00,24
18901,189,2024-11-06 05:00:00,2024-11-29 07:59:59,127,06:30:00,24
19101,191,2020-07-07 00:00:00,2020-08-10 23:59:59,127,00:00:00,24
19201,192,2020-07-07 00:00:00,2020-08-10 23:59:59,127,00:00:00,24
19301,193,2024-03-06 06:30:00,2024-03-28 23:59:59,127,06:30:00,24
19302,193,2023-03-01 00:00:00,2024-05-31 06:29:59,2,00:00:00,24
19401,194,2024-03-06 06:30:00,2024-03-28 23:59:59,127,06:30:00,24
19402,194,2023-03-01 00:00:00,2024-05-31 06:29:59,4,00:00:00,24
19501,195,2024-03-06 06:30:00,2024-03-28 23:59:59,127,06:30:00,24
19502,195,2023-03-01 00:00:00,2024-05-31 06:29:59,8,00:00:00,24
19601,196,2024-03-06 06:30:00,2024-03-28 23:59:59,127,06:30:00,24
19602,196,2023-03-01 00:00:00,2024-05-31 06:29:59,16,00:00:00,24
19701,197,2024-03-06 06:30:00,2024-03-28 23:59:59,127,06:30:00,24
19702,197,2023-03-01 00:00:00,2024-05-31 06:29:59,32,00:00:00,24
19801,198,2020-03-21 00:00:00,2020-03-22 23:59:59,127,00:00:00,24
19802,198,2024-03-29 00:00:00,2024-05-31 06:29:59,65,00:00:00,24
19901,199,2020-08-17 00:00:00,2023-03-17 14:59:59,127,00:00:00,24
20101,201,2024-04-02 06:00:00,2024-04-10 05:59:59,127,06:00:00,24
20201,202,2023-03-01 06:30:00,2024-05-31 06:29:59,127,06:00:00,24
20301,203,2024-05-08 06:00:00,2024-05-31 05:59:59,127,06:00:00,24
20401,204,2020-08-31 05:00:00,2020-09-07 04:59:59,127,05:00:00,24
20501,205,2020-09-07 05:00:00,2020-09-14 04:59:59,127,05:00:00,24
20601,206,2020-09-14 05:00:00,2020-09-21 04:59:59,127,05:00:00,24
20701,207,2020-09-21 05:00:00,2020-09-28 04:59:59,127,05:00:00,24
20801,208,2020-09-28 05:00:00,2020-10-05 04:59:59,127,05:00:00,24
20901,209,2020-08-21 06:00:00,2020-10-05 14:59:59,127,00:00:00,24
21101,211,2024-10-25 05:00:00,2024-11-06 07:59:59,127,06:30:00,24
21201,212,2024-11-06 05:00:00,2024-11-29 07:59:59,127,06:30:00,24
21301,213,2021-12-15 06:30:00,2022-01-03 05:59:59,127,06:30:00,24
21401,214,2021-07-14 00:00:00,2021-08-09 23:59:59,127,00:00:00,24
21501,215,2024-04-02 06:00:00,2024-04-10 05:59:59,127,06:00:00,24
21601,216,2021-05-08 06:30:00,2021-05-31 23:59:59,127,06:30:00,24
21701,217,2024-10-03 00:00:00,2024-10-25 14:59:59,127,06:30:00,24
21801,218,2022-01-17 06:30:00,2022-02-01 05:59:59,127,06:30:00,24
21901,219,2021-09-09 06:00:00,2021-10-07 23:59:59,127,06:00:00,24
22101,221,2021-08-19 06:00:00,2021-09-01 07:59:59,127,06:00:00,24
22201,222,2021-08-26 06:00:00,2021-09-09 07:59:59,127,06:00:00,24
22301,223,2024-01-29 00:00:00,2038-01-01 00:00:00,127,00:00:00,24
22401,224,2024-10-25 05:00:00,2024-11-06 07:59:59,127,06:30:00,24
22501,225,2025-03-06 15:00:00,2038-01-01 00:00:00,2,00:00:00,24
22502,225,2024-10-03 15:00:00,2025-01-19 04:59:59,2,00:00:00,24
22601,226,2025-03-06 15:00:00,2038-01-01 00:00:00,4,00:00:00,24
22602,226,2024-10-03 15:00:00,2025-01-19 04:59:59,4,00:00:00,24
22603,226,2024-10-15 08:00:00,2024-11-06 14:59:59,127,06:30:00,24
22701,227,2025-03-06 15:00:00,2038-01-01 00:00:00,8,00:00:00,24
22702,227,2024-10-03 15:00:00,2025-01-19 04:59:59,8,00:00:00,24
22801,228,2025-03-06 15:00:00,2038-01-01 00:00:00,16,00:00:00,24
22802,228,2024-10-03 15:00:00,2025-01-19 04:59:59,16,00:00:00,24
22803,228,2024-03-06 06:30:00,2024-03-28 23:59:59,127,06:30:00,24
22901,229,2025-03-06 15:00:00,2038-01-01 00:00:00,32,00:00:00,24
22902,229,2024-10-03 15:00:00,2025-01-19 04:59:59,32,00:00:00,24
22903,229,2024-04-02 00:00:00,2024-07-06 23:59:59,127,08:00:00,24
23101,231,2025-01-19 05:00:00,2025-03-06 14:59:59,127,00:00:00,24
23201,232,2023-11-22 06:00:00,2023-12-07 05:59:59,127,06:00:00,24
23301,233,2022-07-07 00:00:00,2022-08-15 06:29:59,127,00:00:00,24
23401,234,2024-04-02 06:00:00,2024-04-10 05:59:59,127,06:00:00,24
23501,235,2024-08-28 06:00:00,2024-10-03 07:59:59,127,06:00:00,24
23601,236,2023-11-13 00:00:00,2023-11-30 05:59:59,127,00:00:00,24
23701,237,2022-08-26 06:00:00,2022-10-03 23:59:59,127,06:00:00,24
23801,238,2022-09-09 06:00:00,2022-10-03 23:59:59,127,06:00:00,24
23901,239,2024-10-25 05:00:00,2024-11-06 07:59:59,127,06:30:00,24
24101,241,2023-02-01 06:30:00,2023-02-21 05:59:59,127,06:30:00,24
24201,242,2024-11-06 05:00:00,2024-11-29 07:59:59,127,06:30:00,24
24301,243,2024-07-26 05:00:00,2024-08-13 05:59:59,127,05:00:00,24
24401,244,2023-07-24 00:00:00,2023-08-14 05:59:59,127,00:00:00,24
24501,245,2023-11-03 00:00:00,2024-03-01 06:29:59,65,00:00:00,24
24502,245,2023-06-22 06:30:00,2023-06-30 05:59:59,127,06:30:00,24
24503,245,2024-03-18 00:00:00,2038-01-01 00:00:00,65,00:00:00,24
24701,247,2023-07-07 00:00:00,2023-08-12 05:59:59,127,00:00:00,24
24801,248,2023-10-20 00:00:00,2023-11-03 05:59:59,127,00:00:00,24
24901,249,2023-07-18 00:00:00,2023-08-12 05:59:59,127,00:00:00,24
25101,251,2024-04-02 06:00:00,2024-04-10 05:59:59,127,06:00:00,24
25201,252,2023-03-18 05:00:00,2024-05-31 06:29:59,127,05:00:00,24
25301,253,2023-06-27 06:30:00,2038-01-01 00:00:00,127,06:30:00,24
25401,254,2024-05-08 06:00:00,2024-05-31 05:59:59,127,06:00:00,24
25501,255,2024-10-22 05:00:00,2024-11-04 07:59:59,127,06:30:00,24
25601,256,2024-02-21 06:30:00,2024-03-05 05:59:59,127,06:30:00,24
25701,257,2023-08-25 06:00:00,2023-10-05 07:59:59,127,06:00:00,24
25801,258,2023-11-03 06:30:00,2023-11-30 05:59:59,127,00:00:00,24
25901,259,2024-01-10 06:30:00,2024-02-01 05:59:59,127,00:00:00,24
26101,261,2024-03-01 06:30:00,2024-03-17 23:59:59,127,06:30:00,24
26201,262,2024-01-10 00:00:00,2024-01-28 23:59:59,127,00:00:00,24
26301,263,2024-02-21 06:30:00,2024-03-05 05:59:59,127,06:30:00,24
26401,264,2024-10-25 05:00:00,2024-11-06 07:59:59,127,06:30:00,24
26501,265,2023-10-03 08:00:00,2023-10-12 07:59:59,127,08:00:00,24
26601,266,2024-11-06 05:00:00,2024-11-29 07:59:59,127,06:30:00,24
26701,267,2023-11-20 00:00:00,2038-01-01 00:00:00,127,00:00:00,24
26801,268,2024-11-06 05:00:00,2024-11-29 07:59:59,127,06:30:00,24
26901,269,2024-11-21 05:00:00,2024-12-05 14:59:59,127,06:30:00,24
27001,270,2024-08-05 06:30:00,2024-08-20 05:59:59,127,06:30:00,24
27101,271,2024-07-07 06:30:00,2024-08-13 05:59:59,127,06:30:00,24
27201,272,2024-07-18 06:30:00,2024-08-13 05:59:59,127,06:30:00,24
27301,273,2024-04-02 06:00:00,2024-04-10 05:59:59,127,06:00:00,24
27401,274,2024-05-31 06:30:00,2038-01-01 00:00:00,127,06:30:00,24
27501,275,2024-05-31 06:30:00,2038-01-01 00:00:00,127,06:30:00,24
27601,276,2024-05-31 06:30:00,2038-01-01 00:00:00,127,06:30:00,24
27701,277,2024-09-25 08:00:00,2024-10-03 07:59:59,127,06:30:00,24
27801,278,2024-08-28 06:00:00,2024-10-03 14:59:59,127,06:00:00,24
27901,279,2024-08-28 06:00:00,2024-10-03 14:59:59,127,06:30:00,24
28101,281,2024-09-20 06:00:00,2024-10-03 14:59:59,127,06:30:00,24
28201,282,2024-09-14 06:00:00,2024-10-03 07:59:59,127,06:30:00,24
28301,283,2024-11-06 05:00:00,2024-11-29 07:59:00,127,06:30:00,24
28401,284,2024-10-25 05:00:00,2024-11-06 14:59:59,127,06:30:00,24
28501,285,2025-01-15 05:00:00,2025-01-28 14:59:59,127,06:30:00,24
28601,286,2024-12-27 02:00:00,2025-01-19 07:59:59,127,06:30:00,24
30101,301,2015-12-16 08:30:00,2015-12-19 07:59:59,127,00:00:00,24
30201,302,2016-07-27 06:30:00,2016-08-08 05:59:59,127,00:00:00,24
30301,303,2018-06-04 06:30:00,2018-06-25 05:59:59,127,00:00:00,24
30401,304,2015-08-25 06:30:00,2015-08-26 06:30:00,127,00:00:00,24
30501,305,2018-03-15 06:30:00,2018-03-31 05:59:59,127,00:00:00,24
30601,306,2019-06-14 06:30:00,2019-07-01 05:59:59,127,06:30:00,24
30701,307,2019-12-20 06:30:00,2020-01-06 05:59:59,127,06:30:00,24
30801,308,2017-10-19 06:30:00,2017-11-06 05:59:59,127,00:00:00,24
30901,309,2017-10-19 06:30:00,2017-11-06 05:59:59,127,00:00:00,24
31001,310,2017-10-19 06:30:00,2017-11-06 05:59:59,127,00:00:00,24
31101,311,2017-10-19 06:30:00,2017-11-06 05:59:59,127,00:00:00,24
31201,312,2017-10-19 06:30:00,2017-11-06 05:59:59,127,00:00:00,24
31301,313,2017-10-19 06:30:00,2017-11-06 05:59:59,127,00:00:00,24
31401,314,2020-02-17 06:30:00,2020-03-02 05:59:59,127,06:30:00,24
31501,315,2023-04-07 06:30:00,2023-04-28 05:59:59,127,06:30:00,24
31601,316,2016-10-27 06:30:00,2016-11-24 07:59:59,127,00:00:00,24
31701,317,2016-11-03 06:00:00,2016-11-24 07:59:59,127,00:00:00,24
31801,318,2018-03-06 06:30:00,2018-03-24 05:59:59,127,00:00:00,24
31901,319,2017-05-13 06:30:00,2020-03-02 06:29:59,65,06:30:00,24
31902,319,2021-03-15 04:10:00,2038-01-01 00:00:00,127,04:10:00,24
32001,320,2017-05-13 06:30:00,2020-03-02 06:29:59,65,06:30:00,24
32002,320,2021-03-15 04:10:00,2038-01-01 00:00:00,127,04:10:00,24
32003,320,2017-05-12 06:30:00,2017-05-13 06:00:00,65,06:30:00,24
32101,321,2019-11-12 06:30:00,2019-12-09 05:59:59,127,06:30:00,24
32201,322,2022-01-17 00:00:00,2022-02-07 23:59:59,127,00:00:00,24
32301,323,2021-10-21 06:30:00,2021-11-03 23:59:59,127,06:30:00,24
32401,324,2023-06-30 00:00:00,2023-08-11 23:59:59,127,00:00:00,24
32501,325,2024-12-12 05:00:00,2024-12-27 14:59:59,127,06:30:00,24
32601,326,2019-05-08 06:30:00,2019-06-06 05:59:59,127,06:30:00,24
32602,326,2019-02-01 06:30:00,2019-02-18 05:59:59,127,06:30:00,24
32701,327,2019-05-21 06:30:00,2019-06-06 05:59:59,127,06:30:00,24
32801,328,2024-09-10 06:00:00,2024-10-03 14:59:59,127,06:00:00,24
32901,329,2024-12-14 06:30:00,2024-12-24 05:59:59,127,06:30:00,24
33001,330,2025-01-19 05:00:00,2025-01-29 07:59:59,127,06:30:00,24
33101,331,2020-02-25 06:30:00,2020-03-11 05:59:59,127,06:30:00,24
33201,332,2023-11-03 06:30:00,2023-11-30 05:59:59,127,06:30:00,24
33301,333,2022-11-04 06:30:00,2022-11-25 05:59:59,127,06:30:00,24
33401,334,2024-06-26 06:30:00,2024-07-07 05:59:59,127,06:30:00,24
33501,335,2024-11-21 05:00:00,2024-12-27 14:59:59,127,06:30:00,24
33601,336,2024-12-13 06:30:00,2024-12-26 05:59:59,127,06:30:00,24
33602,336,2022-08-09 06:30:00,2022-10-03 23:59:59,127,06:30:00,24
33701,337,2024-06-30 00:00:00,2024-08-13 05:59:59,127,00:00:00,24
33801,338,2022-12-15 06:30:00,2023-01-01 05:59:59,127,06:30:00,24
33901,339,2022-05-31 06:30:00,2022-06-20 05:59:59,127,06:30:00,24
33902,339,2021-10-06 00:00:00,2021-10-21 05:59:59,127,00:00:00,24
34001,340,2023-04-03 06:30:00,2023-04-20 05:59:59,127,06:30:00,24
34101,341,2024-12-12 05:00:00,2024-12-27 14:59:59,127,06:30:00,24
34301,343,2024-07-31 06:30:00,2024-08-13 05:59:59,127,06:30:00,24
34401,344,2024-11-21 05:00:00,2024-12-05 14:59:59,127,06:30:00,24
34501,345,2024-02-01 06:30:00,2024-03-01 05:59:59,127,06:30:00,24
34601,346,2023-03-01 06:30:00,2023-03-18 05:59:59,127,06:00:00,24
34602,346,2021-10-06 00:00:00,2021-10-21 05:59:59,127,00:00:00,24
34701,347,2024-10-03 00:00:00,2024-10-25 14:59:59,127,00:00:00,24
34702,347,2023-10-24 06:30:00,2023-11-03 05:59:59,127,06:30:00,24
34801,348,2025-01-07 08:00:00,2025-01-19 07:59:59,127,06:30:00,24
34901,349,2024-10-22 05:00:00,2024-11-04 07:59:59,127,06:30:00,24
35101,351,2024-11-29 06:00:00,2024-12-27 14:59:59,127,06:30:00,24
35102,351,2022-02-08 06:30:00,2022-02-22 05:59:59,127,06:30:00,24
35201,352,2024-11-21 05:00:00,2024-12-03 14:59:59,127,06:30:00,24
35301,353,2024-11-21 05:00:00,2024-12-03 14:59:59,127,06:30:00,24
35401,354,2024-11-21 05:00:00,2024-12-03 14:59:59,127,06:30:00,24
35501,355,2024-11-21 05:00:00,2024-12-05 14:59:59,127,05:00:00,24
35601,356,2025-01-19 05:00:00,2025-01-29 07:59:59,127,06:30:00,24
35701,357,2025-01-19 05:00:00,2025-01-29 07:59:59,127,06:30:00,24
36101,361,2024-06-30 00:00:00,2024-08-13 05:59:59,127,00:00:00,24
36201,362,2023-11-03 06:30:00,2023-11-30 05:59:59,127,06:30:00,24
36202,362,2021-10-06 00:00:00,2021-10-21 05:59:59,127,00:00:00,24
36301,363,2024-11-21 05:00:00,2024-12-05 14:59:59,127,00:00:00,24
36401,364,2022-05-13 08:00:00,2022-06-07 05:59:59,127,06:30:00,24
36501,365,2022-11-28 06:30:00,2023-01-01 05:59:59,127,06:30:00,24
36601,366,2024-06-30 00:00:00,2024-08-13 05:59:59,127,00:00:00,24
36801,368,2024-06-30 00:00:00,2024-08-13 05:59:59,127,00:00:00,24
36901,369,2024-06-30 00:00:00,2024-08-13 05:59:59,127,00:00:00,24
36902,369,2020-01-13 06:30:00,2020-01-30 05:59:59,127,06:30:00,24
37101,371,2024-10-22 05:00:00,2024-11-04 07:59:59,127,06:30:00,24
37102,371,2023-01-03 06:30:00,2024-01-24 05:59:59,127,06:30:00,24
37201,372,2023-12-14 08:00:00,2024-01-24 05:59:59,127,08:00:00,24
37301,373,2022-08-19 06:00:00,2022-09-22 05:59:59,127,06:00:00,24
37401,374,2025-01-07 08:00:00,2025-01-19 07:59:59,127,06:30:00,24
37501,375,2025-01-19 05:00:00,2025-01-29 07:59:59,127,06:30:00,24
37601,376,2025-01-19 05:00:00,2025-01-29 07:59:59,127,06:30:00,24
37701,377,2022-02-22 06:30:00,2022-03-01 06:29:59,127,06:30:00,24
37801,378,2025-01-07 08:00:00,2025-01-19 07:59:59,127,06:30:00,24
37802,378,2023-08-15 00:00:00,2023-09-04 23:59:59,127,00:00:00,24
37901,379,2024-11-21 05:00:00,2024-12-05 07:59:59,127,06:30:00,24
38101,381,2024-11-29 06:00:00,2024-12-27 14:59:59,127,06:30:00,24
38201,382,2025-01-07 08:00:00,2025-01-19 07:59:59,127,06:30:00,24
38202,382,2023-08-15 00:00:00,2023-09-04 23:59:59,127,00:00:00,24
38301,383,2024-12-12 05:00:00,2024-12-27 14:59:59,127,06:30:00,24
38401,384,2024-06-30 00:00:00,2024-08-13 05:59:59,127,00:00:00,24
38501,385,2025-01-19 05:00:00,2025-01-29 07:59:59,127,06:30:00,24
38601,386,2025-01-19 05:00:00,2025-01-29 07:59:59,127,06:30:00,24
38701,387,2024-09-20 08:00:00,2024-10-03 14:59:59,127,06:30:00,24
38801,388,2023-04-14 06:30:00,2023-04-28 05:59:59,127,06:30:00,24
38901,389,2024-10-03 00:00:00,2024-11-06 14:59:59,127,06:30:00,24
39101,391,2024-10-03 00:00:00,2024-11-06 14:59:59,127,06:30:00,24
39201,392,2024-10-03 00:00:00,2024-11-06 14:59:59,127,06:30:00,24
39301,393,2025-01-19 05:00:00,2025-01-29 07:59:59,127,06:30:00,24
39401,394,2025-01-19 05:00:00,2025-01-29 07:59:59,127,06:30:00,24
39501,395,2025-01-19 05:00:00,2025-01-29 07:59:59,127,06:30:00,24
39601,396,2025-01-19 05:00:00,2025-01-29 07:59:59,127,06:30:00,24
39701,397,2024-10-22 05:00:00,2024-11-06 14:59:59,127,06:30:00,24
39801,398,2024-10-22 05:00:00,2024-11-04 07:59:59,127,06:30:00,24
39901,399,2024-08-21 06:30:00,2024-10-03 07:59:59,127,06:30:00,24
40101,401,2018-10-26 00:00:00,2018-11-21 23:59:59,64,00:00:00,24
40102,401,2017-09-05 06:30:00,2018-01-22 06:29:59,2,06:30:00,24
40103,401,2024-12-12 05:00:00,2024-12-27 14:59:59,127,06:30:00,24
40104,401,2023-10-20 06:30:00,2038-01-01 00:00:00,66,06:30:00,24
40301,403,2024-04-26 08:00:00,2038-01-01 00:00:00,127,00:00:00,24
40401,404,2018-10-26 00:00:00,2018-11-21 23:59:59,64,00:00:00,24
40402,404,2017-09-05 06:30:00,2018-01-22 06:29:59,16,06:30:00,24
40403,404,2023-10-05 00:00:00,2023-11-03 05:59:59,127,00:00:00,24
40404,404,2023-04-28 08:00:00,2038-01-01 00:00:00,80,06:30:00,24
40501,405,2018-10-26 00:00:00,2018-11-21 23:59:59,1,00:00:00,24
40502,405,2017-09-05 06:30:00,2018-01-22 06:29:59,4,06:30:00,24
40503,405,2024-10-22 05:00:00,2024-11-04 07:59:59,127,06:30:00,24
40504,405,2023-05-16 08:00:00,2038-01-01 00:00:00,5,06:30:00,24
40601,406,2018-10-26 00:00:00,2018-11-21 23:59:59,64,00:00:00,24
40602,406,2017-09-05 06:30:00,2018-01-22 06:29:59,40,06:30:00,24
40603,406,2024-10-22 05:00:00,2024-11-04 07:59:59,127,06:30:00,24
40604,406,2018-02-10 06:00:00,2038-01-01 00:00:00,96,06:30:00,24
40801,408,2018-10-26 00:00:00,2018-11-21 23:59:59,64,00:00:00,24
40802,408,2017-09-05 06:30:00,2018-01-22 06:29:59,32,06:30:00,24
40803,408,2024-03-11 06:30:00,2024-03-23 05:59:59,127,06:30:00,24
40804,408,2022-11-04 06:30:00,2038-01-01 00:00:00,96,06:30:00,24
40901,409,2018-10-26 00:00:00,2018-11-21 23:59:59,64,00:00:00,24
40902,409,2017-09-05 06:30:00,2018-01-22 06:29:59,8,06:30:00,24
40903,409,2023-12-14 08:00:00,2024-01-03 05:59:59,127,08:00:00,24
40904,409,2022-11-28 06:30:00,2038-01-01 00:00:00,72,06:30:00,24
41001,410,2017-08-20 06:30:00,2017-08-23 05:59:59,127,00:00:00,24
41101,411,2018-10-26 00:00:00,2018-11-21 23:59:59,1,00:00:00,24
41102,411,2017-09-05 06:30:00,2018-01-22 06:29:59,4,06:30:00,24
41103,411,2023-02-01 00:00:00,2023-03-18 05:59:59,127,00:00:00,24
41104,411,2022-04-21 06:30:00,2038-01-01 00:00:00,5,06:30:00,24
41201,412,2018-10-26 00:00:00,2018-11-21 23:59:59,1,00:00:00,24
41202,412,2017-09-05 06:30:00,2018-01-22 06:29:59,2,06:30:00,24
41203,412,2024-10-29 08:00:00,2024-11-06 07:59:59,127,06:30:00,24
41204,412,2022-10-27 06:00:00,2038-01-01 00:00:00,3,06:30:00,24
41301,413,2018-10-26 00:00:00,2018-11-21 23:59:59,1,00:00:00,24
41302,413,2017-09-05 06:30:00,2018-01-22 06:29:59,16,06:30:00,24
41303,413,2024-10-22 05:00:00,2024-11-04 07:59:59,127,06:30:00,24
41304,413,2023-01-16 06:30:00,2038-01-01 00:00:00,17,06:30:00,24
41401,414,2018-10-26 00:00:00,2018-11-21 23:59:59,1,00:00:00,24
41402,414,2017-09-05 06:30:00,2018-01-22 06:29:59,16,06:30:00,24
41403,414,2024-10-29 08:00:00,2024-11-06 07:59:59,127,06:30:00,24
41404,414,2022-05-09 08:00:00,2038-01-01 00:00:00,17,06:30:00,24
41405,414,2024-01-03 06:30:00,2024-01-24 05:59:59,127,06:30:00,24
41501,415,2024-10-29 08:00:00,2024-11-06 07:59:59,127,06:30:00,24
41502,415,2017-09-05 06:30:00,2018-01-22 06:29:59,8,06:30:00,24
41503,415,2018-01-22 06:30:00,2018-02-10 05:59:59,127,06:30:00,24
41504,415,2022-06-10 06:30:00,2038-01-01 00:00:00,72,06:30:00,24
41601,416,2018-10-26 00:00:00,2018-11-21 23:59:59,1,00:00:00,24
41602,416,2017-09-05 06:30:00,2018-01-22 06:29:59,4,06:30:00,24
41603,416,2024-09-20 08:00:00,2024-10-03 14:59:59,127,06:30:00,24
41604,416,2024-01-03 06:30:00,2038-01-01 00:00:00,5,06:30:00,24
41701,417,2018-10-26 00:00:00,2018-11-21 23:59:59,1,00:00:00,24
41702,417,2017-09-05 06:30:00,2018-01-22 06:29:59,2,06:30:00,24
41703,417,2023-07-18 00:00:00,2023-08-12 05:59:59,127,00:00:00,24
41704,417,2023-02-16 06:30:00,2038-01-01 00:00:00,3,06:30:00,24
41801,418,2018-10-26 00:00:00,2018-11-21 23:59:59,1,00:00:00,24
41802,418,2017-10-13 00:00:00,2017-11-01 23:59:59,1,06:30:00,24
41803,418,2017-09-05 06:30:00,2018-01-22 06:29:59,36,06:30:00,24
41804,418,2024-09-20 08:00:00,2024-10-03 14:59:59,127,06:30:00,24
41805,418,2023-04-19 06:30:00,2038-01-01 00:00:00,37,06:30:00,24
41901,419,2016-07-09 06:00:00,2016-07-15 05:59:59,127,00:00:00,24
42001,420,2018-10-26 00:00:00,2018-11-21 23:59:59,64,00:00:00,24
42002,420,2017-09-05 06:30:00,2018-01-22 06:29:59,8,06:30:00,24
42003,420,2024-11-21 05:00:00,2024-12-03 14:59:59,127,06:30:00,24
42004,420,2024-06-07 06:30:00,2038-01-01 00:00:00,72,06:30:00,24
42101,421,2017-09-05 06:30:00,2018-01-22 06:29:59,2,06:30:00,24
42102,421,2023-12-14 08:00:00,2024-01-03 05:59:59,127,08:00:00,24
42103,421,2022-10-04 06:30:00,2038-01-01 00:00:00,66,06:30:00,24
42104,421,2018-10-26 00:00:00,2018-11-21 23:59:59,64,00:00:00,24
42201,422,2018-10-26 00:00:00,2018-11-21 23:59:59,1,00:00:00,24
42202,422,2017-09-05 06:30:00,2018-01-22 06:29:59,4,06:30:00,24
42203,422,2024-11-21 05:00:00,2024-12-03 14:59:59,127,06:30:00,24
42204,422,2023-11-22 08:00:00,2038-01-01 00:00:00,5,06:30:00,24
50101,501,2024-12-27 02:00:00,2025-03-06 14:59:59,127,06:30:00,24
50102,501,2019-08-20 05:00:00,2019-10-03 07:59:59,127,05:00:00,24
50103,501,2024-09-14 02:00:00,2038-01-01 00:00:00,120,06:30:00,24
50201,502,2024-12-27 02:00:00,2025-03-06 14:59:59,127,06:30:00,24
50202,502,2019-06-30 06:30:00,2019-08-13 05:59:59,127,06:30:00,24
50203,502,2019-10-03 06:30:00,2038-01-01 00:00:00,92,06:30:00,24
50301,503,2024-12-12 05:00:00,2025-03-06 14:59:59,127,06:30:00,24
50302,503,2022-12-05 06:30:00,2022-12-24 05:59:59,127,06:30:00,24
50303,503,2022-04-01 06:30:00,2038-01-01 00:00:00,120,06:30:00,24
50401,504,2024-04-01 06:30:00,2038-01-01 00:00:00,127,06:30:00,24
50402,504,2019-08-20 05:00:00,2019-10-03 07:59:59,127,05:00:00,24
50403,504,2022-04-01 06:30:00,2024-03-30 23:59:59,35,06:30:00,24
50501,505,2024-12-27 02:00:00,2025-03-06 14:59:59,127,06:30:00,24
50502,505,2019-08-20 05:00:00,2019-10-03 07:59:59,127,05:00:00,24
50503,505,2018-04-20 06:00:00,2038-01-01 00:00:00,25,06:30:00,24
50601,506,2024-12-27 02:00:00,2025-03-06 14:59:59,127,06:30:00,24
50602,506,2019-08-19 06:30:00,2019-10-03 07:59:59,127,06:30:00,24
50603,506,2021-04-02 06:30:00,2038-01-01 00:00:00,92,06:30:00,24
50701,507,2024-12-27 02:00:00,2025-03-06 14:59:59,127,06:30:00,24
50702,507,2019-11-12 06:30:00,2019-12-09 05:59:59,127,06:30:00,24
50703,507,2021-08-28 06:30:00,2038-01-01 00:00:00,98,06:30:00,24
50801,508,2024-12-27 02:00:00,2025-03-06 14:59:59,127,06:30:00,24
50802,508,2019-08-19 06:30:00,2019-10-03 07:59:59,127,06:30:00,24
50803,508,2020-10-22 06:00:00,2038-01-01 00:00:00,29,06:30:00,24
50804,508,2019-03-18 06:30:00,2019-04-04 05:59:59,127,06:30:00,24
50901,509,2024-04-02 06:00:00,2024-04-10 05:59:59,127,06:30:00,24
51001,510,2024-12-27 02:00:00,2025-03-06 14:59:59,127,06:30:00,24
51002,510,2019-08-20 05:00:00,2019-10-03 07:59:59,127,05:00:00,24
51003,510,2018-04-20 06:00:00,2038-01-01 00:00:00,17,06:30:00,24
51101,511,2024-12-27 02:00:00,2025-03-06 14:59:59,127,06:30:00,24
51102,511,2020-06-08 06:30:00,2020-06-22 05:59:59,127,06:30:00,24
51103,511,2018-04-20 06:00:00,2020-06-04 15:59:59,5,06:30:00,24
51104,511,2020-06-22 06:30:00,2038-01-01 00:00:00,37,06:30:00,24
51201,512,2024-12-27 02:00:00,2025-03-06 14:59:59,127,06:30:00,24
51202,512,2019-08-20 05:00:00,2019-10-03 07:59:59,127,05:00:00,24
51203,512,2018-04-20 06:00:00,2038-01-01 00:00:00,35,06:30:00,24
51301,513,2024-12-12 05:00:00,2025-03-06 14:59:59,127,06:30:00,24
51302,513,2019-06-14 06:30:00,2019-07-01 05:59:59,127,06:30:00,24
51303,513,2020-12-05 06:00:00,2038-01-01 00:00:00,45,06:30:00,24
51401,514,2024-12-27 02:00:00,2025-03-06 14:59:59,127,06:30:00,24
51402,514,2022-12-05 06:30:00,2022-12-24 05:59:59,127,06:30:00,24
51403,514,2020-01-01 06:00:00,2038-01-01 00:00:00,19,06:30:00,24
51501,515,2024-11-29 05:00:00,2025-03-06 14:59:59,127,06:30:00,24
51502,515,2020-08-29 06:27:00,2020-10-05 07:59:59,127,06:27:00,24
51503,515,2019-01-31 06:00:00,2020-08-26 15:59:59,88,06:30:00,24
51504,515,2024-12-12 15:00:00,2038-01-01 00:00:00,124,06:30:00,24
51601,516,2024-12-27 02:00:00,2025-03-06 14:59:59,127,06:30:00,24
51602,516,2019-06-30 06:30:00,2019-08-13 05:59:59,127,06:30:00,24
51603,516,2018-04-20 06:00:00,2038-01-01 00:00:00,68,06:30:00,24
51701,517,2024-12-27 02:00:00,2025-03-06 14:59:59,127,06:30:00,24
51702,517,2017-08-24 15:00:00,2018-03-31 06:29:59,112,06:30:00,24
51703,517,2018-08-21 06:30:00,2018-10-04 05:59:59,127,06:30:00,24
51704,517,2018-04-20 06:00:00,2038-01-01 00:00:00,112,06:30:00,24
51801,518,2024-12-27 02:00:00,2025-03-06 14:59:59,127,06:30:00,24
51802,518,2019-02-13 06:30:00,2019-02-26 23:59:59,127,06:30:00,24
51803,518,2018-04-20 06:00:00,2038-01-01 00:00:00,104,06:30:00,24
51901,519,2024-12-27 02:00:00,2025-03-06 14:59:59,127,06:30:00,24
51902,519,2020-07-09 06:00:00,2020-08-10 23:59:59,127,06:00:00,24
51903,519,2018-05-11 06:30:00,2020-07-05 15:59:59,37,06:30:00,24
51904,519,2023-08-27 06:45:00,2038-01-01 00:00:00,39,06:30:00,24
52001,520,2024-12-27 02:00:00,2025-03-06 14:59:59,127,06:30:00,24
52002,520,2019-08-20 05:00:00,2019-10-03 07:59:59,127,05:00:00,24
52003,520,2024-02-21 06:30:00,2038-01-01 00:00:00,114,06:30:00,24
52101,521,2017-05-11 06:30:00,2017-05-31 05:59:59,127,00:00:00,24
52201,522,2017-06-22 06:30:00,2018-03-31 06:29:59,9,06:30:00,24
52202,522,2024-12-27 02:00:00,2025-03-06 14:59:59,127,06:30:00,24
52203,522,2019-12-09 06:30:00,2038-01-01 00:00:00,13,06:30:00,24
52301,523,2017-06-22 06:30:00,2018-03-31 06:29:59,68,06:30:00,24
52302,523,2024-12-27 02:00:00,2025-03-06 14:59:59,127,06:30:00,24
52303,523,2023-08-27 06:45:00,2038-01-01 00:00:00,70,06:30:00,24
52401,524,2024-12-27 02:00:00,2025-03-06 14:59:59,127,06:30:00,24
52402,524,2020-12-04 06:30:00,2021-01-04 05:59:59,127,06:30:00,24
52403,524,2021-07-09 03:00:00,2038-01-01 00:00:00,11,06:30:00,24
52501,525,2024-12-27 02:00:00,2025-03-06 14:59:59,127,06:30:00,24
52502,525,2019-08-20 05:00:00,2019-10-03 07:59:59,127,05:00:00,24
52503,525,2019-08-13 06:30:00,2038-01-01 00:00:00,19,06:30:00,24
52601,526,2024-12-27 02:00:00,2025-03-06 14:59:59,127,06:30:00,24
52602,526,2019-06-30 06:30:00,2019-07-05 05:29:59,127,06:30:00,24
52603,526,2019-08-13 06:30:00,2038-01-01 00:00:00,19,06:30:00,24
52701,527,2024-12-27 02:00:00,2025-03-06 14:59:59,127,06:30:00,24
52702,527,2019-08-20 05:00:00,2020-02-25 06:29:59,127,05:00:00,24
52703,527,2022-08-28 05:17:00,2038-01-01 00:00:00,112,06:30:00,24
52801,528,2024-12-10 05:00:00,2025-03-06 14:59:59,127,06:30:00,24
52802,528,2022-12-05 06:30:00,2022-12-24 05:59:59,127,06:30:00,24
52803,528,2024-04-26 04:00:00,2038-01-01 00:00:00,15,06:30:00,24
52901,529,2024-12-27 02:00:00,2025-03-06 14:59:59,127,06:30:00,24
52902,529,2019-08-20 05:00:00,2019-10-03 07:59:59,127,05:00:00,24
52903,529,2021-02-09 06:30:00,2038-01-01 00:00:00,68,06:30:00,24
53001,530,2024-12-27 02:00:00,2025-03-06 14:59:59,127,06:30:00,24
53002,530,2019-08-20 05:00:00,2019-10-03 07:59:59,127,05:00:00,24
53003,530,2023-05-31 06:30:00,2038-01-01 00:00:00,82,06:30:00,24
53101,531,2024-12-27 02:00:00,2025-03-06 14:59:59,127,06:30:00,24
53102,531,2018-08-21 06:30:00,2018-10-04 05:59:59,127,06:30:00,24
53103,531,2018-04-20 06:00:00,2038-01-01 00:00:00,68,06:30:00,24
53201,532,2024-12-27 02:00:00,2025-03-06 14:59:59,127,06:30:00,24
53202,532,2019-08-20 05:00:00,2019-10-03 07:59:59,127,05:00:00,24
53203,532,2022-07-08 05:00:00,2038-01-01 00:00:00,45,06:30:00,24
53301,533,2024-12-27 02:00:00,2025-03-06 14:59:59,127,06:30:00,24
53302,533,2021-01-04 06:30:00,2038-01-01 00:00:00,104,06:30:00,24
53303,533,2022-12-05 06:30:00,2022-12-24 05:59:59,127,06:30:00,24
53401,534,2024-12-27 02:00:00,2025-03-06 14:59:59,127,06:30:00,24
53402,534,2020-03-18 06:18:00,2020-04-02 06:29:59,127,06:18:00,24
53403,534,2021-02-09 06:30:00,2038-01-01 00:00:00,9,06:30:00,24
53501,535,2024-12-27 02:00:00,2025-03-06 14:59:59,127,06:30:00,24
53502,535,2024-04-01 06:30:00,2038-01-01 00:00:00,74,06:30:00,24
53601,536,2024-12-27 02:00:00,2025-03-06 14:59:59,127,06:30:00,24
53602,536,2021-11-04 06:30:00,2038-01-01 00:00:00,37,06:30:00,24
53603,536,2024-08-16 06:30:00,2024-10-18 14:59:59,127,06:30:00,24
53701,537,2024-12-27 02:00:00,2025-03-06 14:59:59,127,06:30:00,24
53702,537,2018-07-09 05:30:00,2020-08-26 15:59:59,9,06:30:00,24
53703,537,2020-08-29 06:27:00,2020-10-05 07:59:59,127,06:27:00,24
53704,537,2020-10-05 08:00:00,2038-01-01 00:00:00,25,06:30:00,24
53801,538,2024-12-12 05:00:00,2025-03-06 14:59:59,127,06:30:00,24
53802,538,2024-08-05 06:30:00,2038-01-01 00:00:00,15,06:30:00,24
53803,538,2022-12-05 06:30:00,2022-12-24 05:59:59,127,06:30:00,24
53901,539,2024-12-27 02:00:00,2025-03-06 14:59:59,127,06:30:00,24
53902,539,2023-10-05 06:30:00,2038-01-01 00:00:00,98,06:30:00,24
54001,540,2024-12-12 05:00:00,2025-03-06 14:59:59,127,06:30:00,24
54002,540,2018-11-14 06:00:00,2038-01-01 00:00:00,17,06:30:00,24
54003,540,2022-12-05 06:30:00,2022-12-24 05:59:59,127,06:30:00,24
54101,541,2024-12-27 02:00:00,2025-03-06 14:59:59,127,06:30:00,24
54102,541,2020-12-04 06:30:00,2021-01-04 05:59:59,127,06:30:00,24
54103,541,2020-02-21 06:30:00,2038-01-01 00:00:00,41,06:30:00,24
54201,542,2024-12-27 02:00:00,2025-03-06 14:59:59,127,06:30:00,24
54202,542,2023-11-03 06:30:00,2038-01-01 00:00:00,13,06:30:00,24
54203,542,2020-12-04 06:30:00,2021-01-04 05:59:59,127,06:30:00,24
54301,543,2024-12-27 02:00:00,2025-03-06 14:59:59,127,06:30:00,24
54302,543,2018-10-26 06:00:00,2038-01-01 00:00:00,33,06:30:00,24
54303,543,2022-12-05 06:30:00,2022-12-24 05:59:59,127,06:30:00,24
54401,544,2024-12-27 02:00:00,2025-03-06 14:59:59,127,06:30:00,24
54402,544,2019-11-12 06:30:00,2019-12-09 05:59:59,127,06:30:00,24
54403,544,2018-10-04 15:00:00,2038-01-01 00:00:00,3,06:30:00,24
54501,545,2024-12-27 02:00:00,2025-03-06 14:59:59,127,06:30:00,24
54502,545,2019-11-12 06:30:00,2019-12-09 05:59:59,127,06:30:00,24
54503,545,2018-10-04 15:00:00,2038-01-01 00:00:00,68,06:30:00,24
54601,546,2024-12-27 02:00:00,2025-03-06 14:59:59,127,06:30:00,24
54602,546,2019-04-19 06:30:00,2038-01-01 00:00:00,66,06:30:00,24
54701,547,2024-12-27 02:00:00,2025-03-06 14:59:59,127,06:30:00,24
54702,547,2019-01-15 06:00:00,2038-01-01 00:00:00,68,06:30:00,24
54703,547,2023-08-16 06:30:00,2023-08-30 05:59:59,127,06:30:00,24
54801,548,2024-12-27 02:00:00,2025-03-06 14:59:59,127,06:30:00,24
54802,548,2024-07-09 05:00:00,2038-01-01 00:00:00,98,06:30:00,24
54901,549,2024-12-27 02:00:00,2025-03-06 14:59:59,127,06:30:00,24
54902,549,2019-03-05 06:00:00,2020-07-05 15:59:59,3,06:30:00,24
54903,549,2020-07-09 06:00:00,2020-08-10 23:59:59,127,06:00:00,24
54904,549,2020-08-11 06:30:00,2038-01-01 00:00:00,19,06:30:00,24
55001,550,2024-12-27 02:00:00,2025-03-06 14:59:59,127,06:30:00,24
55002,550,2019-06-23 06:00:00,2038-01-01 00:00:00,9,06:30:00,24
55003,550,2020-12-04 06:30:00,2021-01-04 05:59:59,127,06:30:00,24
55101,551,2024-12-17 05:00:00,2025-03-06 14:59:59,127,06:30:00,24
55102,551,2019-04-04 06:00:00,2038-01-01 00:00:00,33,06:30:00,24
55103,551,2022-12-05 06:30:00,2022-12-24 05:59:59,127,06:30:00,24
55201,552,2024-12-27 02:00:00,2025-03-06 14:59:59,127,06:30:00,24
55202,552,2019-06-06 06:00:00,2038-01-01 00:00:00,5,06:30:00,24
55301,553,2024-12-27 02:00:00,2025-03-06 14:59:59,127,06:30:00,24
55302,553,2021-08-28 06:30:00,2038-01-01 00:00:00,25,06:30:00,24
55401,554,2024-12-27 02:00:00,2025-03-06 14:59:59,127,06:30:00,24
55402,554,2020-01-24 06:30:00,2038-01-01 00:00:00,33,06:30:00,24
55501,555,2024-12-27 02:00:00,2025-03-06 14:59:59,127,06:30:00,24
55502,555,2019-10-03 06:30:00,2038-01-01 00:00:00,3,06:30:00,24
55601,556,2024-12-27 02:00:00,2025-03-06 14:59:59,127,06:30:00,24
55602,556,2020-05-08 06:30:00,2038-01-01 00:00:00,66,06:30:00,24
55603,556,2020-04-02 06:30:00,2020-05-08 05:59:59,127,06:30:00,24
55701,557,2024-12-10 05:00:00,2025-03-06 14:59:59,127,06:30:00,24
55702,557,2022-03-18 06:18:00,2038-01-01 00:00:00,76,06:30:00,24
55703,557,2022-12-05 06:30:00,2022-12-24 05:59:59,127,06:30:00,24
55801,558,2024-12-27 02:00:00,2025-03-06 14:59:59,127,06:30:00,24
55802,558,2020-04-02 06:30:00,2038-01-01 00:00:00,3,06:30:00,24
55901,559,2024-12-27 02:00:00,2025-03-06 14:59:59,127,06:30:00,24
55902,559,2021-12-03 06:30:00,2038-01-01 00:00:00,21,06:30:00,24
55903,559,2021-12-24 06:30:00,2022-02-07 23:59:59,127,06:30:00,24
56001,560,2024-12-12 05:00:00,2025-03-06 14:59:59,127,06:30:00,24
56002,560,2020-12-04 06:30:00,2038-01-01 00:00:00,33,06:30:00,24
56003,560,2022-12-05 06:30:00,2022-12-24 05:59:59,127,06:30:00,24
56101,561,2024-11-06 05:00:00,2024-11-29 14:59:59,127,06:30:00,24
56201,562,2024-12-27 02:00:00,2025-03-06 14:59:59,127,06:30:00,24
56202,562,2021-03-01 06:30:00,2038-01-01 00:00:00,80,06:30:00,24
56301,563,2024-12-27 02:00:00,2025-03-06 14:59:59,127,06:30:00,24
56302,563,2021-04-02 06:30:00,2038-01-01 00:00:00,3,06:30:00,24
56401,564,2024-12-27 02:00:00,2025-03-06 14:59:59,127,06:30:00,24
56402,564,2021-06-01 06:30:00,2038-01-01 00:00:00,33,06:30:00,24
56501,565,2024-12-17 05:00:00,2025-03-06 14:59:59,127,06:30:00,24
56502,565,2021-08-10 00:00:00,2038-01-01 00:00:00,17,06:30:00,24
56601,566,2024-12-27 02:00:00,2025-03-06 14:59:59,127,06:30:00,24
56602,566,2021-04-28 00:00:00,2038-01-01 00:00:00,33,06:30:00,24
56701,567,2024-12-27 02:00:00,2025-03-06 14:59:59,127,06:30:00,24
56702,567,2021-04-28 00:00:00,2038-01-01 00:00:00,9,06:30:00,24
56801,568,2024-12-27 02:00:00,2025-03-06 14:59:59,127,06:30:00,24
56802,568,2021-10-06 00:00:00,2038-01-01 00:00:00,3,06:30:00,24
56901,569,2024-12-27 02:00:00,2025-03-06 14:59:59,127,06:30:00,24
56902,569,2022-01-03 06:30:00,2038-01-01 00:00:00,17,06:30:00,24
57001,570,2024-12-27 02:00:00,2025-03-06 14:59:59,127,06:30:00,24
57002,570,2022-03-01 06:30:00,2038-01-01 00:00:00,3,06:30:00,24
57101,571,2024-11-06 05:00:00,2024-12-03 14:59:59,127,05:00:00,24
57201,572,2024-12-27 02:00:00,2025-03-06 14:59:59,127,06:30:00,24
57202,572,2022-02-01 06:30:00,2038-01-01 00:00:00,68,06:30:00,24
57301,573,2024-12-27 02:00:00,2025-03-06 14:59:59,127,06:30:00,24
57302,573,2022-07-08 05:00:00,2038-01-01 00:00:00,5,06:30:00,24
57401,574,2024-12-27 02:00:00,2025-03-06 14:59:59,127,06:30:00,24
57402,574,2022-05-31 06:30:00,2038-01-01 00:00:00,66,06:30:00,24
57501,575,2024-12-27 02:00:00,2025-03-06 14:59:59,127,06:30:00,24
57502,575,2022-08-09 06:30:00,2038-01-01 00:00:00,96,06:30:00,24
57601,576,2024-12-27 02:00:00,2025-03-06 14:59:59,127,06:30:00,24
57602,576,2022-04-27 11:00:00,2038-01-01 00:00:00,17,06:30:00,24
57701,577,2024-12-27 02:00:00,2025-03-06 14:59:59,127,06:30:00,24
57702,577,2022-04-27 11:00:00,2038-01-01 00:00:00,66,06:30:00,24
57801,578,2024-12-27 02:00:00,2025-03-06 14:59:59,127,06:30:00,24
57802,578,2022-11-04 06:30:00,2038-01-01 00:00:00,9,06:30:00,24
57901,579,2024-12-27 02:00:00,2025-03-06 14:59:59,127,06:30:00,24
57902,579,2022-11-28 06:30:00,2038-01-01 00:00:00,9,06:30:00,24
58001,580,2024-12-27 02:00:00,2025-03-06 14:59:59,127,06:30:00,24
58002,580,2022-10-04 06:30:00,2038-01-01 00:00:00,5,06:30:00,24
58101,581,2024-12-27 02:00:00,2025-03-06 14:59:59,127,06:30:00,24
58102,581,2022-09-15 04:00:00,2038-01-01 00:00:00,3,06:30:00,24
58201,582,2024-12-27 02:00:00,2025-03-06 14:59:59,127,06:30:00,24
58202,582,2023-02-01 06:30:00,2038-01-01 00:00:00,33,06:30:00,24
58301,583,2024-12-27 02:00:00,2025-03-06 14:59:59,127,06:30:00,24
58302,583,2022-10-28 06:30:00,2038-01-01 00:00:00,17,06:30:00,24
58401,584,2024-12-27 02:00:00,2025-03-06 14:59:59,127,06:30:00,24
58402,584,2022-10-28 06:30:00,2038-01-01 00:00:00,3,06:30:00,24
58501,585,2024-12-27 02:00:00,2025-03-06 14:59:59,127,06:30:00,24
58502,585,2023-03-01 06:30:00,2038-01-01 00:00:00,5,06:30:00,24
58601,586,2024-11-06 05:00:00,2024-11-29 14:59:59,127,06:30:00,24
58701,587,2024-12-27 02:00:00,2025-03-06 14:59:59,127,06:30:00,24
58702,587,2023-04-03 06:30:00,2038-01-01 00:00:00,9,06:30:00,24
58801,588,2024-12-27 02:00:00,2025-03-06 14:59:59,127,06:30:00,24
58802,588,2024-07-26 05:00:00,2038-01-01 00:00:00,49,06:30:00,24
58901,589,2024-12-27 02:00:00,2025-03-06 14:59:59,127,06:30:00,24
58902,589,2022-12-28 02:00:00,2038-01-01 00:00:00,5,06:30:00,24
59001,590,2024-12-27 02:00:00,2025-03-06 14:59:59,127,06:30:00,24
59002,590,2023-07-07 05:00:00,2038-01-01 00:00:00,33,06:30:00,24
59101,591,2024-12-27 02:00:00,2025-03-06 14:59:59,127,06:30:00,24
59102,591,2023-07-07 05:00:00,2038-01-01 00:00:00,17,06:30:00,24
59201,592,2024-12-27 02:00:00,2025-03-06 14:59:59,127,06:30:00,24
59202,592,2023-03-18 06:18:00,2038-01-01 00:00:00,33,06:30:00,24
59301,593,2024-12-27 02:00:00,2025-03-06 14:59:59,127,06:30:00,24
59302,593,2023-08-11 06:30:00,2038-01-01 00:00:00,3,06:30:00,24
59401,594,2024-12-27 02:00:00,2025-03-06 14:59:59,127,06:30:00,24
59402,594,2023-04-28 02:00:00,2038-01-01 00:00:00,5,06:30:00,24
59501,595,2024-12-27 02:00:00,2025-03-06 14:59:59,127,06:30:00,24
59502,595,2023-04-28 02:00:00,2038-01-01 00:00:00,72,06:30:00,24
59601,596,2024-12-27 02:00:00,2025-03-06 14:59:59,127,06:30:00,24
59602,596,2024-01-03 06:30:00,2038-01-01 00:00:00,5,06:30:00,24
59701,597,2024-12-27 02:00:00,2025-03-06 14:59:59,127,06:30:00,24
59702,597,2024-02-01 06:30:00,2038-01-01 00:00:00,9,06:30:00,24
59801,598,2024-12-27 02:00:00,2025-03-06 14:59:59,127,06:30:00,24
59802,598,2024-03-01 06:30:00,2038-01-01 00:00:00,17,06:30:00,24
59901,599,2024-11-06 05:00:00,2024-11-29 14:59:59,127,06:30:00,24
60101,601,2024-09-20 08:00:00,2024-10-03 14:59:59,127,06:30:00,24
60102,601,2017-09-04 15:00:00,2019-12-04 23:59:59,64,15:00:00,24
60103,601,2021-03-15 04:10:00,2024-10-15 07:59:59,5,06:30:00,24
60201,602,2024-10-03 00:00:00,2024-10-25 14:59:59,127,00:00:00,24
60202,602,2021-03-15 04:10:00,2038-01-01 00:00:00,80,06:30:00,24
60301,603,2024-06-20 06:30:00,2024-07-07 05:59:59,127,06:30:00,24
60302,603,2021-03-15 04:10:00,2038-01-01 00:00:00,3,06:30:00,24
60401,604,2023-12-14 08:00:00,2024-01-24 05:59:59,127,08:00:00,24
60402,604,2019-03-05 06:30:00,2019-12-04 23:59:59,64,06:30:00,24
60403,604,2021-03-15 04:10:00,2038-01-01 00:00:00,72,06:30:00,24
60501,605,2024-01-03 06:30:00,2024-01-24 05:59:59,127,06:30:00,24
60502,605,2020-02-03 06:30:00,2020-04-08 15:59:59,68,06:30:00,24
60503,605,2021-03-15 04:10:00,2038-01-01 00:00:00,68,06:30:00,24
60601,606,2023-08-15 00:00:00,2023-09-04 23:59:59,127,00:00:00,24
60602,606,2021-04-02 00:00:00,2038-01-01 00:00:00,33,06:30:00,24
60701,607,2024-10-29 08:00:00,2024-11-06 07:59:59,127,06:30:00,24
60702,607,2021-08-10 00:00:00,2038-01-01 00:00:00,96,06:30:00,24
60801,608,2024-09-10 06:00:00,2024-10-03 14:59:59,127,06:00:00,24
60802,608,2022-01-10 06:30:00,2038-01-01 00:00:00,17,06:30:00,24
60901,609,2022-12-12 06:30:00,2023-01-04 05:59:59,127,06:30:00,24
60902,609,2022-12-12 06:30:00,2038-01-01 00:00:00,9,06:30:00,24
61001,610,2024-06-20 06:30:00,2024-07-07 05:59:59,127,06:30:00,24
61002,610,2023-10-05 06:30:00,2038-01-01 00:00:00,66,06:30:00,24
61101,611,2024-09-20 06:00:00,2024-10-16 14:59:59,127,06:30:00,24
61102,611,2024-10-16 15:00:00,2038-01-01 00:00:00,96,06:30:00,24
61201,612,2024-10-15 08:00:00,2024-11-06 14:59:59,127,06:30:00,24
61202,612,2024-11-06 15:00:00,2038-01-01 00:00:00,5,06:30:00,24
70101,701,2024-07-09 06:30:00,2038-01-01 00:00:00,127,06:00:00,24
70102,701,2020-07-07 00:00:00,2020-08-26 15:59:59,127,00:00:00,24
70201,702,2017-06-27 06:30:00,2017-08-17 05:59:59,127,00:00:00,24
70301,703,2021-03-15 04:10:00,2038-01-01 00:00:00,127,04:10:00,24
70401,704,2014-01-22 06:30:00,2014-02-10 05:59:59,127,06:30:00,24
70601,706,2023-07-07 00:00:00,2023-08-12 05:59:59,127,08:00:00,24
70701,707,2024-01-27 21:00:00,2024-02-06 05:59:59,127,21:00:00,24
71001,710,2024-12-27 08:00:00,2038-01-01 00:00:00,127,06:30:00,24
71002,710,2019-07-07 00:00:00,2019-08-13 05:59:59,127,00:00:00,24
71003,710,2022-03-23 06:30:00,2022-03-30 23:59:59,65,06:30:00,24
71101,711,2019-02-26 06:30:30,2019-07-22 05:29:59,127,06:30:00,24
71102,711,2021-03-15 04:10:00,2038-01-01 00:00:00,127,04:10:00,24
71201,712,2021-03-15 04:10:00,2038-01-01 00:00:00,127,04:10:00,24
71301,713,2020-08-11 06:30:00,2020-08-19 15:59:59,127,06:30:00,24
71302,713,2024-11-21 05:00:00,2038-01-01 00:00:00,127,06:30:00,24
71401,714,2024-06-20 06:30:00,2024-08-13 05:59:59,127,06:30:00,24
71501,715,2024-10-22 05:00:00,2024-11-04 07:59:59,127,06:30:00,24
71601,716,2024-08-28 06:00:00,2024-10-03 07:59:59,127,06:00:00,24
71602,716,2021-11-25 00:00:00,2021-12-12 23:59:59,127,00:00:00,24
71701,717,2024-06-30 00:00:00,2024-08-13 05:59:59,127,00:00:00,24
71801,718,2024-10-25 05:00:00,2024-11-06 14:59:59,127,05:00:00,24
71901,719,2024-12-13 06:30:00,2024-12-26 05:59:59,127,06:30:00,24
72001,720,2025-01-14 08:00:00,2038-01-01 00:00:00,127,06:30:00,24
72002,720,2021-12-15 06:30:00,2021-12-15 06:30:00,65,06:30:00,24
72101,721,2024-09-10 06:00:00,2024-10-03 14:59:59,127,06:00:00,24
72201,722,2024-03-11 06:30:00,2024-03-23 05:59:59,127,06:30:00,24
72301,723,2024-10-22 05:00:00,2024-11-04 07:59:59,127,06:30:00,24
72401,724,2022-08-19 06:00:00,2022-10-03 23:59:59,127,06:00:00,24
72501,725,2024-11-29 06:00:00,2024-12-27 14:59:59,127,06:30:00,24
72601,726,2024-10-29 08:00:00,2024-11-06 07:59:59,127,06:30:00,24
72701,727,2022-06-20 06:30:00,2024-05-31 06:29:59,127,06:30:00,24
72801,728,2024-03-11 06:30:00,2024-03-23 05:59:59,127,06:30:00,24
72901,729,2024-11-29 06:00:00,2024-12-27 14:59:59,127,06:30:00,24
73001,730,2021-01-11 06:30:00,2021-01-15 06:29:59,127,06:30:00,24
73101,731,2021-01-15 06:30:00,2021-01-19 06:29:59,127,06:30:00,24
73201,732,2021-01-19 06:30:00,2021-01-23 06:29:59,127,06:30:00,24
73301,733,2021-01-23 06:30:00,2021-01-27 06:29:59,127,06:30:00,24
73401,734,2021-01-27 06:30:00,2021-02-01 06:29:59,127,06:30:00,24
73501,735,2021-05-24 00:00:00,2038-01-01 00:00:00,127,00:00:00,24
73601,736,2024-12-12 05:00:00,2024-12-27 14:59:59,127,06:30:00,24
73701,737,2024-08-28 06:00:00,2024-10-03 07:59:59,127,06:00:00,24
73801,738,2022-11-04 06:30:00,2024-06-20 06:29:59,127,06:30:00,24
73901,739,2024-10-03 00:00:00,2024-10-25 14:59:59,127,00:00:00,24
74001,740,2020-11-19 08:00:00,2020-12-08 05:59:59,127,08:00:00,24
74101,741,2022-07-07 00:00:00,2038-01-01 00:00:00,127,06:30:00,24
74201,742,2022-07-07 00:00:00,2038-01-01 00:00:00,127,06:30:00,24
74301,743,2023-03-01 06:30:00,2023-03-18 05:59:59,127,06:00:00,24
74401,744,2024-10-22 05:00:00,2024-11-04 07:59:59,127,06:30:00,24
74501,745,2024-06-20 06:30:00,2024-07-07 05:59:59,127,06:30:00,24
74601,746,2024-03-11 06:30:00,2024-03-23 05:59:59,127,06:30:00,24
74701,747,2022-02-22 00:00:00,2022-03-07 23:59:59,127,00:00:00,24
74901,749,2024-11-29 06:00:00,2024-12-27 14:59:59,127,06:30:00,24
75001,750,2024-11-21 05:00:00,2038-01-01 00:00:00,127,00:00:00,24
75101,751,2023-08-15 00:00:00,2023-09-04 23:59:59,127,00:00:00,24
75201,752,2023-08-15 00:00:00,2023-09-04 23:59:59,127,00:00:00,24
75301,753,2024-10-22 05:00:00,2024-11-04 07:59:59,127,06:30:00,24
75401,754,2024-11-06 05:00:00,2024-11-29 07:59:59,127,06:00:00,24
75501,755,2024-06-30 00:00:00,2024-08-28 05:59:59,127,00:00:00,24
75601,756,2024-01-03 06:30:00,2024-01-24 05:59:59,127,06:30:00,24
75701,757,2024-10-22 05:00:00,2024-11-04 07:59:59,127,06:30:00,24
75801,758,2023-08-19 00:00:00,2023-09-04 23:59:59,127,00:00:00,24
75901,759,2024-03-13 00:00:00,2024-03-28 23:59:59,127,00:00:00,24
76001,760,2023-03-13 06:30:00,2038-01-01 00:00:00,127,08:00:00,24
76101,761,2024-08-05 06:30:00,2038-01-01 00:00:00,127,05:00:00,24
76201,762,2022-09-22 06:00:00,2038-01-01 00:00:00,127,06:00:00,24
76301,763,2022-09-09 06:00:00,2022-10-03 23:59:59,127,06:00:00,24
76401,764,2023-07-10 00:00:00,2023-08-12 05:59:59,127,00:00:00,24
76501,765,2024-01-17 06:30:00,2038-01-01 00:00:00,127,00:00:00,24
76601,766,2024-07-31 06:30:00,2038-01-01 00:00:00,127,06:30:00,24
76701,767,2024-11-29 06:00:00,2038-01-01 00:00:00,127,06:30:00,24
76801,768,2023-11-01 06:30:00,2038-01-01 00:00:00,127,06:30:00,24
77001,770,2022-08-01 00:00:00,2038-01-01 00:00:00,127,00:00:00,24
77101,771,2024-08-05 06:30:00,2038-01-01 00:00:00,127,06:30:00,24
77201,772,2023-01-16 06:30:00,2038-01-01 00:00:00,127,00:00:00,24
77301,773,2023-11-22 06:00:00,2023-12-07 05:59:59,127,00:00:00,24
77401,774,2023-01-17 06:00:00,2038-01-01 00:00:00,127,00:00:00,24
77501,775,2023-09-22 06:00:00,2038-01-01 00:00:00,127,06:00:00,24
77601,776,2024-07-07 06:30:00,2038-01-01 00:00:00,127,06:30:00,24
77701,777,2023-11-30 06:00:00,2023-12-14 05:59:59,127,06:00:00,24
77801,778,2023-11-30 06:00:00,2023-12-14 05:59:59,127,06:00:00,24
77901,779,2024-12-26 08:00:00,2038-01-01 00:00:00,127,06:30:00,24
78001,780,2024-10-22 05:00:00,2024-11-06 14:59:59,127,06:30:00,24
78101,781,2023-09-22 06:00:00,2038-01-01 00:00:00,127,06:00:00,24
78202,782,2024-04-12 06:30:00,2024-04-26 05:59:59,127,06:30:00,24
78301,783,2024-07-07 06:30:00,2024-08-13 05:59:59,127,06:30:00,24
78401,784,2024-07-18 06:30:00,2024-08-20 05:59:59,127,06:30:00,24
78601,786,2024-07-26 06:30:00,2038-01-01 00:00:00,127,06:30:00,24
78701,787,2024-05-20 06:00:00,2038-01-01 00:00:00,127,06:00:00,24
78801,788,2024-06-12 06:30:00,2038-01-01 00:00:00,127,06:30:00,24
78901,789,2024-05-31 06:30:00,2038-01-01 00:00:00,127,06:30:00,24
79001,790,2024-07-31 06:30:00,2038-01-01 00:00:00,127,06:30:00,24
79101,791,2024-05-08 08:00:00,2024-05-30 23:59:59,127,08:00:00,24
79201,792,2024-06-20 06:30:00,2038-01-01 00:00:00,127,06:30:00,24
79301,793,2024-10-22 08:00:00,2038-01-01 00:00:00,127,06:30:00,24
79401,794,2024-08-12 06:30:00,2024-08-30 05:59:59,127,06:30:00,24
79501,795,2024-12-12 06:30:00,2038-01-01 00:00:00,127,06:30:00,24
79601,796,2024-10-01 08:00:00,2038-01-01 00:00:00,127,06:30:00,24
79701,797,2024-09-25 06:00:00,2038-01-01 00:00:00,127,06:30:00,24
79801,798,2024-09-20 06:00:00,2038-01-01 00:00:00,127,06:30:00,24
79901,799,2024-11-12 05:00:00,2024-11-29 14:59:59,127,06:30:00,24
80101,801,2016-01-01 00:00:00,2016-01-01 00:00:01,127,00:00:00,24
80201,802,2016-01-01 00:00:00,2016-01-01 00:00:01,127,00:00:00,24
80301,803,2016-01-01 00:00:00,2016-01-01 00:00:01,127,00:00:00,24
80401,804,2016-01-01 00:00:00,2016-01-01 00:00:01,127,00:00:00,24
80501,805,2016-01-01 00:00:00,2016-01-01 00:00:01,127,00:00:00,24
80601,806,2016-01-01 00:00:00,2016-01-01 00:00:01,127,00:00:00,24
94001,940,2017-07-07 00:00:00,2017-07-26 23:59:59,2,00:00:00,24
94101,941,2017-07-07 00:00:00,2017-07-26 23:59:59,4,00:00:00,24
94201,942,2017-07-07 00:00:00,2017-07-26 23:59:59,8,00:00:00,24
94301,943,2017-07-07 00:00:00,2017-07-26 23:59:59,16,00:00:00,24
94401,944,2017-07-07 00:00:00,2017-07-26 23:59:59,32,00:00:00,24
94601,946,2017-07-07 00:00:00,2017-07-26 23:59:59,65,00:00:00,24
99901,999,1990-01-01 12:00:00,1999-01-01 12:00:00,0,00:00:00,24
130101,1301,2025-01-19 05:00:00,2025-01-29 07:59:59,127,06:30:00,24
130201,1302,2025-01-19 05:00:00,2025-01-29 07:59:59,127,06:30:00,24
130301,1303,2025-01-07 08:00:00,2025-01-29 07:59:59,127,06:30:00,24
130401,1304,2024-06-20 06:30:00,2024-08-13 05:59:59,127,06:30:00,24
130501,1305,2025-01-19 05:00:00,2025-01-29 07:59:59,127,06:30:00,24
130601,1306,2025-01-19 05:00:00,2025-01-29 07:59:59,127,06:30:00,24
130701,1307,2024-09-20 06:00:00,2024-10-03 14:59:59,127,06:30:00,24
130801,1308,2024-12-27 02:00:00,2038-01-01 00:00:00,127,06:30:00,24
150101,1501,2024-12-27 02:00:00,2025-03-06 14:59:59,127,06:30:00,24
150102,1501,2023-11-30 06:00:00,2038-01-01 00:00:00,3,06:30:00,24
150201,1502,2024-12-27 02:00:00,2025-03-06 14:59:59,127,06:30:00,24
150202,1502,2024-05-31 06:30:00,2038-01-01 00:00:00,66,06:30:00,24
150301,1503,2024-12-27 02:00:00,2025-03-06 14:59:59,127,06:30:00,24
150302,1503,2024-03-18 06:18:00,2038-01-01 00:00:00,68,06:30:00,24
150401,1504,2024-12-27 02:00:00,2025-03-06 14:59:59,127,06:30:00,24
150402,1504,2024-08-13 06:30:00,2038-01-01 00:00:00,33,06:30:00,24
150501,1505,2024-12-27 02:00:00,2025-03-06 14:59:59,127,06:30:00,24
150502,1505,2024-04-26 04:00:00,2038-01-01 00:00:00,72,06:30:00,24
150601,1506,2024-12-27 02:00:00,2025-03-06 14:59:59,127,06:30:00,24
150602,1506,2024-11-04 15:00:00,2038-01-01 00:00:00,17,06:30:00,24
150701,1507,2024-12-27 02:00:00,2025-03-06 14:59:59,127,06:30:00,24
150702,1507,2024-08-28 06:00:00,2038-01-01 00:00:00,33,06:30:00,24
150801,1508,2024-12-27 02:00:00,2025-03-06 14:59:59,127,06:30:00,24
150802,1508,2024-10-25 15:00:00,2038-01-01 00:00:00,66,06:30:00,24
150901,1509,2024-12-27 02:00:00,2025-03-06 14:59:59,127,06:30:00,24
150902,1509,2024-11-21 15:00:00,2038-01-01 00:00:00,80,06:30:00,24
151001,1510,2024-11-12 05:00:00,2024-11-29 14:59:59,127,06:30:00,24
151101,1511,2024-12-27 02:00:00,2025-03-06 14:59:59,127,06:30:00,24
170201,1702,2025-01-19 05:00:00,2038-01-01 00:00:00,127,06:30:00,24
170801,1708,2024-12-27 02:00:00,2025-01-19 07:59:59,127,06:30:00,24
171201,1712,2020-01-17 08:00:00,2020-02-03 07:59:59,127,06:30:00,24
