id,iap_rails_product_id,purchasing_count_max,sale_type,is_daily_reset,start_at,end_at
1,7,1,0,0,2016-07-08 04:30:00,2016-07-11 11:29:59
2,8,1,0,0,2016-07-08 04:30:00,2016-07-11 11:29:59
3,9,5,0,0,2016-07-08 04:30:00,2016-07-11 11:29:59
4,7,1,0,0,2016-08-22 06:30:00,2016-09-06 05:59:59
5,8,1,0,0,2016-08-22 06:30:00,2016-09-06 05:59:59
6,9,5,0,0,2016-08-22 06:30:00,2016-09-06 05:59:59
7,11,1,2,0,2016-09-08 06:30:00,2016-09-20 05:59:59
8,10,1,2,0,2016-09-08 06:30:00,2016-09-09 05:59:59
9,10,1,2,0,2016-09-09 06:00:00,2016-09-10 05:59:59
10,10,1,2,0,2016-09-10 06:00:00,2016-09-11 05:59:59
11,10,1,2,0,2016-09-11 06:00:00,2016-09-12 05:59:59
12,10,1,2,0,2016-09-12 06:00:00,2016-09-13 05:59:59
13,10,1,2,0,2016-09-13 06:00:00,2016-09-14 05:59:59
14,10,1,2,0,2016-09-14 06:00:00,2016-09-15 05:59:59
15,10,1,2,0,2016-09-15 06:00:00,2016-09-16 05:59:59
16,10,1,2,0,2016-09-16 06:00:00,2016-09-17 05:59:59
17,10,1,2,0,2016-09-17 06:00:00,2016-09-18 05:59:59
18,10,1,2,0,2016-09-18 06:00:00,2016-09-19 05:59:59
19,10,1,2,0,2016-09-19 06:00:00,2016-09-20 05:59:59
20,8,1,0,0,2016-09-29 06:30:00,2016-10-04 05:59:59
21,9,3,0,0,2016-09-29 06:30:00,2016-10-04 05:59:59
32,7,1,0,0,2016-11-02 01:30:00,2016-11-14 00:59:59
33,8,3,0,0,2016-11-02 01:30:00,2016-11-14 00:59:59
34,9,10,0,0,2016-11-02 01:30:00,2016-11-14 00:59:59
35,8,1,0,0,2016-11-24 06:30:00,2016-12-04 05:59:59
36,9,5,0,0,2016-11-24 06:30:00,2016-12-04 05:59:59
37,10,3,2,0,2016-12-21 06:30:00,2016-12-31 06:00:00
38,11,1,2,0,2016-12-21 06:30:00,2016-12-31 06:00:00
39,8,1,0,0,2017-01-01 06:30:00,2017-01-16 05:59:59
40,9,3,1,0,2017-01-01 06:30:00,2017-01-16 05:59:59
41,10,5,3,0,2017-01-24 00:00:00,2017-02-09 05:59:59
42,11,2,3,0,2017-01-24 00:00:00,2017-02-09 05:59:59
43,8,1,1,0,2017-02-15 06:30:00,2017-02-21 05:59:59
44,9,5,1,0,2017-02-15 06:30:00,2017-02-21 05:59:59
45,80,1,2,0,2017-04-07 00:00:00,2017-05-03 05:59:59
46,81,1,0,0,2017-04-07 00:00:00,2017-05-03 05:59:59
47,10,1,2,1,2017-04-07 00:00:00,2017-05-03 05:59:59
48,8,1,0,0,2017-04-14 18:00:00,2017-05-03 05:59:59
49,9,15,0,0,2017-04-14 18:00:00,2017-05-03 05:59:59
50,8,1,0,0,2017-05-25 06:30:00,2017-06-12 05:59:59
51,9,5,0,0,2017-05-25 06:30:00,2017-06-12 05:59:59
52,81,1,0,0,2017-05-25 06:30:00,2017-06-12 05:59:59
53,10,1,2,1,2017-05-25 06:30:00,2017-06-12 05:59:59
54,82,1,3,0,2017-07-07 16:00:00,2017-07-29 05:59:59
55,83,10,3,0,2017-07-07 16:00:00,2017-07-29 05:59:59
56,10,1,3,1,2017-07-07 16:00:00,2017-07-29 05:59:59
57,80,1,3,0,2017-07-07 16:00:00,2017-07-29 05:59:59
58,81,1,1,0,2017-07-07 16:00:00,2017-07-29 05:59:59
59,8,3,1,0,2017-07-07 16:00:00,2017-07-29 05:59:59
60,10,1,3,1,2017-07-31 07:00:00,2017-08-24 07:59:59
61,81,1,1,0,2017-07-31 07:00:00,2017-08-24 07:59:59
62,8,3,1,0,2017-07-31 07:00:00,2017-08-24 07:59:59
63,9,10,1,0,2017-07-31 07:00:00,2017-08-24 07:59:59
64,10,1,2,1,2017-09-15 06:30:00,2017-10-02 05:59:59
65,9,3,0,0,2017-09-15 06:30:00,2017-10-02 05:59:59
66,8,1,0,0,2017-09-15 06:30:00,2017-10-02 05:59:59
67,10,1,2,1,2017-10-12 06:30:00,2017-11-01 05:59:59
68,81,1,0,0,2017-10-12 06:30:00,2017-11-01 05:59:59
69,9,5,0,0,2017-10-12 06:30:00,2017-11-01 05:59:59
70,8,1,0,0,2017-10-12 06:30:00,2017-11-01 05:59:59
71,10,1,3,1,2017-11-23 18:00:00,2017-12-11 07:59:59
72,12,2,1,0,2017-11-23 18:00:00,2017-12-11 07:59:59
73,13,2,1,0,2017-11-23 18:00:00,2017-12-11 07:59:59
74,8,3,1,0,2017-11-23 18:00:00,2017-12-11 07:59:59
75,84,2,1,0,2017-11-23 18:00:00,2017-12-11 07:59:59
76,9,7,1,0,2017-11-23 18:00:00,2017-12-11 07:59:59
77,10,1,2,1,2017-12-11 08:30:00,2017-12-21 03:59:59
78,9,3,0,0,2017-12-11 08:30:00,2017-12-21 03:59:59
79,8,1,0,0,2017-12-11 08:30:00,2017-12-21 03:59:59
80,10,1,3,1,2017-12-21 04:00:00,2018-01-07 05:59:59
81,13,3,0,0,2017-12-21 04:00:00,2018-01-07 05:59:59
82,11,1,3,0,2017-12-21 04:00:00,2018-01-07 05:59:59
83,9,5,0,0,2017-12-21 04:00:00,2018-01-07 05:59:59
84,10,1,2,1,2018-01-18 06:30:00,2018-01-25 05:59:59
85,8,1,0,0,2018-01-18 06:30:00,2018-01-25 05:59:59
86,9,3,0,0,2018-01-18 06:30:00,2018-01-25 05:59:59
87,10,1,2,1,2018-01-31 06:30:00,2018-02-07 05:59:59
88,85,3,2,0,2018-01-31 06:30:00,2018-02-07 05:59:59
89,8,1,0,0,2018-01-31 06:30:00,2018-02-07 05:59:59
90,9,5,0,0,2018-01-31 06:30:00,2018-02-07 05:59:59
91,10,1,2,1,2018-02-12 06:30:00,2018-03-01 05:59:59
92,13,3,0,0,2018-02-12 06:30:00,2018-03-01 05:59:59
93,8,1,0,0,2018-02-12 06:30:00,2018-03-01 05:59:59
94,9,7,0,0,2018-02-12 06:30:00,2018-03-01 05:59:59
95,10,1,2,1,2018-03-02 06:30:00,2018-03-20 05:59:59
96,8,1,0,0,2018-03-02 06:30:00,2018-03-20 05:59:59
97,9,5,0,0,2018-03-02 06:30:00,2018-03-20 05:59:59
98,10,1,2,1,2018-04-10 06:30:00,2018-04-17 05:59:59
99,8,1,0,0,2018-04-10 06:30:00,2018-04-17 05:59:59
100,9,3,0,0,2018-04-10 06:30:00,2018-04-17 05:59:59
101,10,1,3,1,2018-04-20 02:00:00,2018-05-05 05:59:59
102,12,1,1,0,2018-04-20 02:00:00,2018-05-05 05:59:59
103,85,1,3,0,2018-04-20 02:00:00,2018-05-05 05:59:59
104,8,1,1,0,2018-04-20 02:00:00,2018-05-05 05:59:59
105,84,1,1,0,2018-04-20 02:00:00,2018-05-05 05:59:59
106,9,10,1,0,2018-04-20 02:00:00,2018-05-05 05:59:59
107,10,1,2,1,2018-05-16 02:00:00,2018-05-24 05:59:59
108,85,3,2,0,2018-05-16 02:00:00,2018-05-24 05:59:59
109,8,3,0,0,2018-05-16 02:00:00,2018-05-24 05:59:59
110,9,6,0,0,2018-05-16 02:00:00,2018-05-24 05:59:59
111,10,1,2,1,2018-05-25 00:00:00,2018-06-13 23:59:59
112,8,2,0,0,2018-05-25 00:00:00,2018-06-13 23:59:59
113,9,5,0,0,2018-05-25 00:00:00,2018-06-13 23:59:59
114,10,1,3,1,2018-07-09 02:00:00,2018-08-13 05:59:59
115,80,1,3,0,2018-07-09 02:00:00,2018-08-13 05:59:59
116,81,1,1,0,2018-07-09 02:00:00,2018-08-13 05:59:59
117,8,1,1,0,2018-07-09 02:00:00,2018-08-13 05:59:59
118,82,1,3,0,2018-07-09 02:00:00,2018-08-13 05:59:59
119,83,6,3,0,2018-07-09 02:00:00,2018-08-13 05:59:59
120,8,1,0,0,2018-08-13 06:30:00,2018-08-20 05:59:59
121,9,5,0,0,2018-08-13 06:30:00,2018-08-20 05:59:59
122,86,1,3,0,2018-08-29 05:00:00,2018-09-11 05:29:59
123,84,7,1,0,2018-08-29 05:00:00,2018-09-11 05:29:59
124,8,3,1,0,2018-08-29 05:00:00,2018-09-11 05:29:59
125,9,5,0,0,2018-09-13 05:00:00,2018-10-04 07:59:59
126,8,3,0,0,2018-09-13 05:00:00,2018-10-04 07:59:59
127,9,3,0,0,2018-10-04 08:30:00,2018-10-20 05:59:59
128,8,1,0,0,2018-10-04 08:30:00,2018-10-20 05:59:59
129,9,5,0,0,2018-10-26 06:30:00,2018-11-10 05:59:59
130,8,1,0,0,2018-10-26 06:30:00,2018-11-10 05:59:59
131,9,3,0,0,2018-11-12 06:30:00,2018-11-18 05:59:59
132,8,1,0,0,2018-11-12 06:30:00,2018-11-18 05:59:59
133,10,1,3,1,2018-11-20 06:30:00,2018-12-11 05:59:59
134,12,2,1,0,2018-11-20 06:30:00,2018-12-11 05:59:59
135,13,2,1,0,2018-11-20 06:30:00,2018-12-11 05:59:59
136,8,3,1,0,2018-11-20 06:30:00,2018-12-11 05:59:59
137,9,5,1,0,2018-11-20 06:30:00,2018-12-11 05:59:59
138,8,1,0,0,2018-12-12 06:30:00,2018-12-20 05:59:59
139,9,3,0,0,2018-12-12 06:30:00,2018-12-20 05:59:59
140,10,1,3,1,2018-12-24 06:30:00,2019-01-09 05:59:59
141,13,3,1,0,2018-12-24 06:30:00,2019-01-09 05:59:59
142,11,1,3,0,2018-12-24 06:30:00,2019-01-09 05:59:59
143,9,6,1,0,2018-12-24 06:30:00,2019-01-09 05:59:59
144,87,1,3,0,2019-01-01 05:30:00,2019-01-09 05:59:59
145,8,1,1,0,2019-01-16 06:30:00,2019-01-26 05:59:59
146,9,3,1,0,2019-01-16 06:30:00,2019-01-26 05:59:59
147,8,1,1,0,2019-02-01 06:30:00,2019-02-12 05:59:59
148,9,3,1,0,2019-02-01 06:30:00,2019-02-12 05:59:59
149,13,2,1,0,2019-02-13 02:00:00,2019-03-05 05:59:59
150,8,3,1,0,2019-02-13 02:00:00,2019-03-05 05:59:59
151,84,2,1,0,2019-02-13 02:00:00,2019-03-05 05:59:59
152,9,8,1,0,2019-02-13 02:00:00,2019-03-05 05:59:59
153,8,1,1,0,2019-03-08 06:30:00,2019-03-16 05:59:59
154,9,3,1,0,2019-03-08 06:30:00,2019-03-16 05:59:59
155,8,2,1,0,2019-03-18 02:00:00,2019-04-02 05:59:59
156,84,2,1,0,2019-03-18 02:00:00,2019-04-02 05:59:59
157,9,5,1,0,2019-03-18 02:00:00,2019-04-02 05:59:59
158,8,1,1,0,2019-04-03 06:30:00,2019-04-25 05:59:59
159,9,3,1,0,2019-04-03 06:30:00,2019-04-25 05:59:59
160,8,1,1,0,2019-04-25 06:30:00,2019-05-06 05:59:59
161,9,3,1,0,2019-04-25 06:30:00,2019-05-06 05:59:59
162,8,1,1,0,2019-05-08 02:00:00,2019-05-20 05:59:59
163,84,3,1,0,2019-05-08 02:00:00,2019-05-20 05:59:59
164,9,5,1,0,2019-05-08 02:00:00,2019-05-20 05:59:59
165,12,1,1,0,2019-05-21 02:00:00,2019-06-05 05:59:59
166,85,1,3,0,2019-05-21 02:00:00,2019-06-05 05:59:59
167,8,1,1,0,2019-05-21 02:00:00,2019-06-05 05:59:59
168,84,1,1,0,2019-05-21 02:00:00,2019-06-05 05:59:59
169,9,4,1,0,2019-05-21 02:00:00,2019-06-05 05:59:59
170,8,1,1,0,2019-06-06 06:30:00,2019-06-17 05:59:59
171,9,3,1,0,2019-06-06 06:30:00,2019-06-17 05:59:59
172,8,1,1,0,2019-06-21 06:30:00,2019-07-01 05:59:59
173,9,3,1,0,2019-06-21 06:30:00,2019-07-01 05:59:59
174,12,1,1,0,2019-07-07 02:00:00,2019-07-25 21:59:59
175,13,1,1,0,2019-07-07 02:00:00,2019-07-25 21:59:59
176,8,3,1,0,2019-07-07 02:00:00,2019-07-25 21:59:59
177,9,7,1,0,2019-07-07 02:00:00,2019-07-25 21:59:59
178,86,2,3,0,2019-07-07 02:00:00,2019-08-12 05:59:59
179,80,1,3,0,2019-07-26 06:00:00,2019-08-12 05:59:59
180,81,1,1,0,2019-07-26 06:00:00,2019-08-12 05:59:59
181,8,3,1,0,2019-07-26 06:00:00,2019-08-12 05:59:59
182,83,4,3,0,2019-07-26 06:00:00,2019-08-12 05:59:59
183,8,1,1,0,2019-08-13 06:30:00,2019-08-20 05:59:59
184,9,3,1,0,2019-08-13 06:30:00,2019-08-20 05:59:59
185,12,1,1,0,2019-08-27 05:00:00,2019-09-17 02:29:59
186,13,3,1,0,2019-08-27 05:00:00,2019-09-17 02:29:59
187,8,3,1,0,2019-08-27 05:00:00,2019-09-17 02:29:59
188,9,8,1,0,2019-08-27 05:00:00,2019-09-17 02:29:59
189,86,2,3,0,2019-08-27 05:00:00,2019-10-02 07:59:59
190,12,1,1,0,2019-09-17 03:20:00,2019-10-02 07:59:59
191,13,1,1,0,2019-09-17 03:20:00,2019-10-02 07:59:59
192,8,1,1,0,2019-09-17 03:20:00,2019-10-02 07:59:59
193,9,3,1,0,2019-09-17 03:20:00,2019-10-02 07:59:59
194,8,1,1,0,2019-10-03 06:30:00,2019-10-21 05:59:59
195,9,3,1,0,2019-10-03 06:30:00,2019-10-21 05:59:59
196,8,1,1,0,2019-10-21 06:30:00,2019-11-01 05:59:59
197,9,3,1,0,2019-10-21 06:30:00,2019-11-01 05:59:59
198,13,1,1,0,2019-11-12 02:00:00,2019-12-08 23:59:59
199,8,2,1,0,2019-11-12 02:00:00,2019-12-08 23:59:59
200,9,7,1,0,2019-11-12 02:00:00,2019-12-08 23:59:59
201,84,2,1,0,2019-11-12 02:00:00,2019-12-08 23:59:59
202,10,1,3,1,2019-11-25 06:30:00,2019-12-02 05:59:59
203,12,1,1,0,2019-12-09 06:30:00,2019-12-19 05:59:59
204,8,1,1,0,2019-12-09 06:30:00,2019-12-19 05:59:59
205,9,5,1,0,2019-12-09 06:30:00,2019-12-19 05:59:59
206,85,1,3,0,2019-12-20 06:30:00,2019-12-30 05:59:59
207,11,1,3,0,2019-12-20 06:30:00,2019-12-30 05:59:59
208,9,6,1,0,2019-12-20 06:30:00,2019-12-30 05:59:59
209,10,1,3,1,2019-12-24 04:00:00,2020-01-01 23:59:59
210,85,2,3,0,2020-01-01 02:00:00,2020-01-14 05:59:59
211,87,3,3,0,2020-01-01 02:00:00,2020-01-14 05:59:59
212,8,1,1,0,2020-01-06 06:30:00,2020-01-14 05:59:59
213,9,3,1,0,2020-01-06 06:30:00,2020-01-14 05:59:59
214,8,1,1,0,2020-01-17 06:30:00,2020-01-27 05:59:59
215,9,3,1,0,2020-01-17 06:30:00,2020-01-27 05:59:59
216,8,1,1,0,2020-02-03 06:30:00,2020-02-10 05:59:59
217,9,3,1,0,2020-02-03 06:30:00,2020-02-10 05:59:59
218,8,2,1,0,2020-02-17 06:30:00,2020-02-27 05:59:59
219,84,1,1,0,2020-02-17 06:30:00,2020-02-27 05:59:59
220,9,3,1,0,2020-02-17 06:30:00,2020-02-27 05:59:59
221,8,1,1,0,2020-03-02 06:30:00,2020-03-13 05:59:59
222,9,3,1,0,2020-03-02 06:30:00,2020-03-13 05:59:59
223,8,5,1,0,2020-03-18 06:18:00,2020-03-31 05:59:59
224,9,7,1,0,2020-03-18 06:18:00,2020-03-31 05:59:59
225,8,1,1,0,2020-04-02 06:30:00,2020-04-14 05:59:59
226,9,3,1,0,2020-04-02 06:30:00,2020-04-14 05:59:59
227,8,1,1,0,2020-04-20 06:30:00,2020-05-04 05:59:59
228,84,1,1,0,2020-04-20 06:30:00,2020-05-04 05:59:59
229,9,3,1,0,2020-04-20 06:30:00,2020-05-04 05:59:59
230,13,1,1,0,2020-05-08 06:30:00,2020-05-20 23:59:59
231,8,1,1,0,2020-05-08 06:30:00,2020-05-20 23:59:59
232,84,2,1,0,2020-05-08 06:30:00,2020-05-20 23:59:59
233,9,5,1,0,2020-05-08 06:30:00,2020-05-20 23:59:59
234,85,1,2,0,2020-05-22 06:30:00,2020-06-07 23:59:59
235,8,1,1,0,2020-05-22 06:30:00,2020-06-07 23:59:59
236,84,1,1,0,2020-05-22 06:30:00,2020-06-07 23:59:59
237,9,4,1,0,2020-05-22 06:30:00,2020-06-07 23:59:59
238,13,1,1,0,2020-06-08 06:30:00,2020-06-19 05:59:59
239,8,1,1,0,2020-06-08 06:30:00,2020-06-19 05:59:59
240,9,3,1,0,2020-06-08 06:30:00,2020-06-19 05:59:59
241,13,1,1,0,2020-06-22 06:30:00,2020-07-03 05:59:59
242,8,1,1,0,2020-06-22 06:30:00,2020-07-03 05:59:59
243,9,3,1,0,2020-06-22 06:30:00,2020-07-03 05:59:59
244,10,1,3,1,2020-07-07 00:00:00,2020-07-25 21:59:59
245,80,1,3,0,2020-07-07 00:00:00,2020-07-25 21:59:59
246,13,1,1,0,2020-07-07 00:00:00,2020-07-25 21:59:59
247,8,3,1,0,2020-07-07 00:00:00,2020-07-25 21:59:59
248,88,3,3,0,2020-07-09 02:00:00,2020-07-25 21:59:59
249,9,8,1,0,2020-07-07 00:00:00,2020-07-25 21:59:59
250,13,1,1,0,2020-07-27 03:00:00,2020-08-10 05:59:59
251,8,3,1,0,2020-07-27 03:00:00,2020-08-10 05:59:59
252,84,1,1,0,2020-07-27 03:00:00,2020-08-10 05:59:59
253,9,8,1,0,2020-07-27 03:00:00,2020-08-10 05:59:59
254,8,1,1,0,2020-08-11 00:00:00,2020-08-24 05:59:59
255,9,3,1,0,2020-08-11 00:00:00,2020-08-24 05:59:59
256,12,1,1,0,2020-08-28 05:00:00,2020-09-15 04:59:59
257,13,1,1,0,2020-08-28 05:00:00,2020-09-15 04:59:59
258,8,3,1,0,2020-08-28 05:00:00,2020-09-15 04:59:59
259,89,7,3,0,2020-08-28 05:00:00,2020-09-15 04:59:59
260,90,3,3,0,2020-08-28 05:00:00,2020-10-04 07:59:59
261,12,1,1,0,2020-09-16 02:00:00,2020-10-04 07:59:59
262,13,1,1,0,2020-09-16 02:00:00,2020-10-04 07:59:59
263,8,3,1,0,2020-09-16 02:00:00,2020-10-04 07:59:59
264,89,7,3,0,2020-09-16 02:00:00,2020-10-04 07:59:59
265,8,1,1,0,2020-10-05 06:00:00,2020-10-19 05:59:59
266,9,3,1,0,2020-10-05 06:00:00,2020-10-19 05:59:59
267,8,1,1,0,2020-10-22 06:00:00,2020-11-04 05:59:59
268,9,3,1,0,2020-10-22 06:00:00,2020-11-04 05:59:59
269,12,1,1,0,2020-11-06 06:00:00,2020-11-18 05:59:59
270,13,1,1,0,2020-11-06 06:00:00,2020-11-18 05:59:59
271,8,3,1,0,2020-11-06 06:00:00,2020-11-18 05:59:59
272,84,2,1,0,2020-11-06 06:00:00,2020-11-18 05:59:59
273,9,6,1,0,2020-11-06 06:00:00,2020-11-18 05:59:59
274,8,2,1,0,2020-11-19 08:00:00,2020-12-03 05:59:59
275,9,4,1,0,2020-11-19 08:00:00,2020-12-03 05:59:59
276,13,1,1,0,2020-12-04 06:30:00,2020-12-14 05:59:59
277,8,1,1,0,2020-12-04 06:30:00,2020-12-14 05:59:59
278,9,5,1,0,2020-12-04 06:30:00,2020-12-14 05:59:59
279,91,1,2,1,2020-12-23 00:00:00,2020-12-27 23:59:59
280,8,2,1,0,2020-12-15 01:00:00,2020-12-24 05:59:59
281,88,1,3,0,2020-12-15 01:00:00,2020-12-31 05:59:59
282,9,4,1,0,2020-12-15 01:00:00,2020-12-24 05:59:59
283,85,1,3,0,2020-12-25 06:30:00,2020-12-31 05:59:59
284,11,1,3,0,2020-12-25 06:30:00,2020-12-31 05:59:59
285,9,4,1,0,2020-12-25 06:30:00,2020-12-31 05:59:59
286,85,2,1,0,2021-01-01 01:00:00,2021-01-17 23:59:59
287,87,3,1,0,2021-01-01 01:00:00,2021-01-17 23:59:59
288,9,3,1,0,2021-01-04 06:30:00,2021-01-17 23:59:59
289,8,1,1,0,2021-01-04 06:30:00,2021-01-17 23:59:59
290,9,3,1,0,2021-01-18 06:30:00,2021-01-31 23:59:59
291,8,1,1,0,2021-01-18 06:30:00,2021-01-31 23:59:59
292,9,3,1,0,2021-02-01 06:00:00,2021-02-15 05:59:59
293,8,1,1,0,2021-02-01 06:00:00,2021-02-15 05:59:59
294,9,3,1,0,2021-02-17 06:30:00,2021-02-28 23:59:59
295,8,1,1,0,2021-02-17 06:30:00,2021-02-28 23:59:59
296,9,3,1,0,2021-03-01 06:30:00,2021-03-15 05:59:59
297,8,1,1,0,2021-03-01 06:30:00,2021-03-15 05:59:59
298,9,8,1,0,2021-03-18 01:00:00,2021-03-31 05:59:59
299,8,5,1,0,2021-03-18 01:00:00,2021-03-31 05:59:59
300,8,2,1,0,2021-04-02 06:30:00,2021-04-14 23:59:59
301,84,1,1,0,2021-04-02 06:30:00,2021-04-14 23:59:59
302,9,5,1,0,2021-04-02 06:30:00,2021-04-14 23:59:59
303,8,1,1,0,2021-04-15 06:30:00,2021-04-26 23:59:59
304,9,3,1,0,2021-04-15 06:30:00,2021-04-26 23:59:59
305,8,3,1,0,2021-04-28 00:00:00,2021-05-19 23:59:59
306,89,8,3,0,2021-04-28 00:00:00,2021-05-19 23:59:59
307,92,1,3,0,2021-04-28 00:00:00,2021-05-30 23:59:59
308,8,1,1,0,2021-05-20 06:30:00,2021-05-30 23:59:59
309,89,3,3,0,2021-05-20 06:30:00,2021-05-30 23:59:59
310,13,1,1,0,2021-06-01 06:30:00,2021-06-20 23:59:59
311,8,1,1,0,2021-06-01 06:30:00,2021-06-20 23:59:59
312,9,3,1,0,2021-06-01 06:30:00,2021-06-20 23:59:59
313,8,1,1,0,2021-06-21 06:30:00,2021-07-05 05:59:59
314,9,3,1,0,2021-06-21 06:30:00,2021-07-05 05:59:59
315,91,1,2,1,2021-07-07 00:00:00,2021-07-25 05:59:59
316,80,1,3,0,2021-07-07 00:00:00,2021-07-25 05:59:59
317,13,1,1,0,2021-07-07 00:00:00,2021-07-25 05:59:59
318,8,3,1,0,2021-07-07 00:00:00,2021-07-25 05:59:59
319,89,9,3,0,2021-07-07 00:00:00,2021-07-25 05:59:59
320,93,3,3,0,2021-07-07 00:00:00,2021-08-09 05:59:59
321,12,1,1,0,2021-07-26 04:00:00,2021-08-09 05:59:59
322,13,1,1,0,2021-07-26 04:00:00,2021-08-09 05:59:59
323,8,3,1,0,2021-07-26 04:00:00,2021-08-09 05:59:59
324,89,8,3,0,2021-07-26 04:00:00,2021-08-09 05:59:59
325,8,2,1,0,2021-08-10 00:00:00,2021-08-24 05:59:59
326,9,4,1,0,2021-08-10 00:00:00,2021-08-24 05:59:59
327,8,3,1,0,2021-08-26 06:00:00,2021-09-15 14:59:59
328,89,9,3,0,2021-08-26 06:00:00,2021-09-15 14:59:59
329,93,3,3,0,2021-08-26 06:00:00,2021-10-04 23:59:59
330,8,3,1,0,2021-09-16 01:00:00,2021-10-04 23:59:59
331,89,7,3,0,2021-09-16 01:00:00,2021-10-04 23:59:59
332,8,2,1,0,2021-10-06 00:00:00,2021-10-20 05:59:59
333,9,4,1,0,2021-10-06 00:00:00,2021-10-20 05:59:59
334,8,2,1,0,2021-10-21 06:30:00,2021-11-03 05:59:59
335,9,4,1,0,2021-10-21 06:30:00,2021-11-03 05:59:59
336,94,1,3,0,2021-11-04 06:30:00,2021-11-17 05:59:59
337,13,1,1,0,2021-11-04 06:30:00,2021-11-17 05:59:59
338,8,3,1,0,2021-11-04 06:30:00,2021-11-17 05:59:59
339,84,1,1,0,2021-11-04 06:30:00,2021-11-17 05:59:59
340,9,6,1,0,2021-11-04 06:30:00,2021-11-17 05:59:59
341,91,1,2,1,2021-11-24 00:00:00,2021-11-29 23:59:59
342,8,2,1,0,2021-11-18 06:30:00,2021-11-25 07:59:59
343,89,4,3,0,2021-11-18 06:30:00,2021-11-25 07:59:59
344,8,2,1,0,2021-11-25 08:00:00,2021-12-03 05:59:59
345,89,4,3,0,2021-11-25 08:00:00,2021-12-03 05:59:59
346,95,2,3,0,2021-11-25 08:00:00,2021-12-09 07:59:59
347,13,1,1,0,2021-12-03 06:30:00,2021-12-14 05:59:59
348,8,2,1,0,2021-12-03 06:30:00,2021-12-14 05:59:59
349,89,4,3,0,2021-12-03 06:30:00,2021-12-14 05:59:59
350,8,2,1,0,2021-12-15 06:30:00,2021-12-23 05:59:59
351,89,5,3,0,2021-12-15 06:30:00,2021-12-23 05:59:59
352,92,1,3,0,2021-12-15 06:30:00,2021-12-31 05:59:59
353,91,1,2,1,2021-12-27 00:00:00,2022-01-03 23:59:59
354,85,1,3,0,2021-12-24 06:30:00,2021-12-31 05:59:59
355,11,1,3,0,2021-12-24 06:30:00,2021-12-31 05:59:59
356,89,6,3,0,2021-12-24 06:30:00,2021-12-31 05:59:59
357,85,2,3,0,2022-01-01 02:00:00,2022-01-17 05:59:59
358,87,3,3,0,2022-01-01 02:00:00,2022-01-17 05:59:59
359,8,2,1,0,2022-01-03 06:30:00,2022-01-16 05:59:59
360,9,4,1,0,2022-01-03 06:30:00,2022-01-16 05:59:59
361,8,2,1,0,2022-01-17 06:30:00,2022-01-31 05:59:59
362,9,4,1,0,2022-01-17 06:30:00,2022-01-31 05:59:59
363,13,1,1,0,2022-02-01 06:30:00,2022-02-14 05:59:59
364,8,2,1,0,2022-02-01 06:30:00,2022-02-14 05:59:59
365,9,4,1,0,2022-02-01 06:30:00,2022-02-14 05:59:59
366,13,1,1,0,2022-02-15 06:30:00,2022-02-28 05:59:59
367,8,2,1,0,2022-02-15 06:30:00,2022-02-28 05:59:59
368,9,4,1,0,2022-02-15 06:30:00,2022-02-28 05:59:59
369,8,2,1,0,2022-03-01 06:30:00,2022-03-17 05:59:59
370,9,4,1,0,2022-03-01 06:30:00,2022-03-17 05:59:59
371,8,5,1,0,2022-03-18 02:00:00,2022-03-31 23:59:59
372,9,8,1,0,2022-03-18 02:00:00,2022-03-31 23:59:59
373,8,2,1,0,2022-04-01 06:30:00,2022-04-14 05:59:59
374,84,1,1,0,2022-04-01 06:30:00,2022-04-14 05:59:59
375,9,6,1,0,2022-04-01 06:30:00,2022-04-14 05:59:59
376,8,2,1,0,2022-04-14 06:30:00,2022-04-26 23:59:59
377,9,4,1,0,2022-04-14 06:30:00,2022-04-26 23:59:59
378,8,3,1,0,2022-04-27 11:00:00,2022-05-11 05:59:59
379,89,8,3,0,2022-04-27 11:00:00,2022-05-11 05:59:59
380,92,1,3,0,2022-04-27 11:00:00,2022-05-26 05:59:59
381,8,1,1,0,2022-05-13 02:00:00,2022-05-26 05:59:59
382,89,5,3,0,2022-05-13 02:00:00,2022-05-26 05:59:59
383,91,1,2,1,2022-05-24 00:00:00,2022-06-03 07:59:59
384,8,2,1,0,2022-05-31 06:30:00,2022-06-20 05:59:59
385,9,4,1,0,2022-05-31 06:30:00,2022-06-20 05:59:59
386,8,2,1,0,2022-06-20 06:30:00,2022-07-06 05:59:59
387,9,4,1,0,2022-06-20 06:30:00,2022-07-06 05:59:59
388,91,1,2,1,2022-07-07 00:00:00,2022-07-24 20:59:59
389,80,1,3,0,2022-07-07 00:00:00,2022-07-24 20:59:59
390,13,1,1,0,2022-07-07 00:00:00,2022-07-24 20:59:59
391,8,5,1,0,2022-07-07 00:00:00,2022-07-24 20:59:59
392,89,10,3,0,2022-07-07 00:00:00,2022-07-24 20:59:59
393,93,3,3,0,2022-07-07 00:00:00,2022-08-08 05:59:59
394,12,1,1,0,2022-07-26 04:00:00,2022-08-08 05:59:59
395,13,1,1,0,2022-07-26 04:00:00,2022-08-08 05:59:59
396,8,5,1,0,2022-07-26 04:00:00,2022-08-08 05:59:59
397,89,8,3,0,2022-07-26 04:00:00,2022-08-08 05:59:59
398,13,1,1,0,2022-08-09 06:30:00,2022-08-24 05:59:59
399,8,2,1,0,2022-08-09 06:30:00,2022-08-24 05:59:59
400,9,4,1,0,2022-08-09 06:30:00,2022-08-24 05:59:59
401,13,1,1,0,2022-08-26 06:00:00,2022-09-14 14:59:59
402,8,3,1,0,2022-08-26 06:00:00,2022-09-14 14:59:59
403,89,9,3,0,2022-08-26 06:00:00,2022-09-14 14:59:59
404,96,1,3,0,2022-08-26 06:00:00,2022-09-14 14:59:59
405,8,3,1,0,2022-09-15 02:00:00,2022-10-03 05:59:59
406,89,9,3,0,2022-09-15 02:00:00,2022-10-03 05:59:59
407,96,1,3,0,2022-09-15 02:00:00,2022-10-03 05:59:59
408,8,2,1,0,2022-10-04 06:30:00,2022-10-19 23:59:59
409,9,4,1,0,2022-10-04 06:30:00,2022-10-19 23:59:59
410,8,2,1,0,2022-10-20 06:30:00,2022-10-28 05:59:59
411,9,4,1,0,2022-10-20 06:30:00,2022-10-28 05:59:59
412,8,5,1,0,2022-10-28 06:30:00,2022-11-04 05:59:59
413,9,8,1,0,2022-10-28 06:30:00,2022-11-04 05:59:59
414,94,1,3,0,2022-11-04 06:30:00,2022-11-18 05:59:59
415,8,2,1,0,2022-11-04 06:30:00,2022-11-18 05:59:59
416,9,4,1,0,2022-11-04 06:30:00,2022-11-18 05:59:59
417,91,1,2,1,2022-11-24 00:00:00,2022-11-26 23:59:59
418,8,2,1,0,2022-11-18 06:30:00,2022-11-22 04:59:59
419,9,4,1,0,2022-11-18 06:30:00,2022-11-22 04:59:59
420,8,2,1,0,2022-11-22 06:00:00,2022-11-28 05:59:59
421,89,4,3,0,2022-11-22 06:00:00,2022-11-28 05:59:59
422,97,2,3,0,2022-11-22 06:00:00,2022-12-05 05:59:59
423,8,2,1,0,2022-11-28 06:00:00,2022-12-05 05:59:59
424,89,5,3,0,2022-11-28 06:00:00,2022-12-05 05:59:59
425,13,1,1,0,2022-12-05 06:00:00,2022-12-11 23:59:59
426,8,1,1,0,2022-12-05 06:00:00,2022-12-11 23:59:59
427,89,4,3,0,2022-12-05 06:00:00,2022-12-11 23:59:59
428,96,1,3,0,2022-12-05 06:00:00,2022-12-11 23:59:59
429,85,1,3,0,2022-12-12 06:30:00,2022-12-27 23:59:59
430,8,2,1,0,2022-12-12 06:30:00,2022-12-27 23:59:59
431,89,5,3,0,2022-12-12 06:30:00,2022-12-27 23:59:59
432,92,1,3,0,2022-12-12 06:30:00,2022-12-27 23:59:59
433,91,1,2,1,2022-12-25 00:00:00,2022-12-31 23:59:59
434,85,3,3,0,2022-12-28 01:00:00,2023-01-16 05:59:59
435,98,3,3,0,2022-12-28 01:00:00,2023-01-16 05:59:59
436,99,9,3,0,2022-12-28 01:00:00,2023-01-16 05:59:59
437,12,1,1,0,2023-01-01 02:00:00,2023-01-16 05:59:59
438,87,3,3,0,2023-01-01 02:00:00,2023-01-16 05:59:59
439,8,2,1,0,2023-01-16 06:30:00,2023-02-01 05:59:59
440,9,4,1,0,2023-01-16 06:30:00,2023-02-01 05:59:59
441,13,1,1,0,2023-02-01 06:30:00,2023-02-15 05:59:59
442,8,2,1,0,2023-02-01 06:30:00,2023-02-15 05:59:59
443,9,4,1,0,2023-02-01 06:30:00,2023-02-15 05:59:59
444,13,1,1,0,2023-02-16 06:30:00,2023-03-01 05:59:59
445,8,2,1,0,2023-02-16 06:30:00,2023-03-01 05:59:59
446,84,1,1,0,2023-02-16 06:30:00,2023-03-01 05:59:59
447,9,5,1,0,2023-02-16 06:30:00,2023-03-01 05:59:59
448,8,2,1,0,2023-03-01 06:30:00,2023-03-17 05:59:59
449,9,4,1,0,2023-03-01 06:30:00,2023-03-17 05:59:59
450,8,5,1,0,2023-03-18 05:00:00,2023-03-30 14:59:59
451,9,8,1,0,2023-03-18 05:00:00,2023-03-30 14:59:59
452,8,2,1,0,2023-04-03 06:30:00,2023-04-14 05:59:59
453,9,4,1,0,2023-04-03 06:30:00,2023-04-14 05:59:59
454,8,2,1,0,2023-04-14 06:30:00,2023-04-27 05:59:59
455,9,4,1,0,2023-04-14 06:30:00,2023-04-27 05:59:59
456,8,5,1,0,2023-04-28 01:00:00,2023-05-12 14:59:59
457,89,7,3,0,2023-04-28 01:00:00,2023-05-12 14:59:59
458,96,1,3,0,2023-04-28 01:00:00,2023-05-12 14:59:59
459,8,1,1,0,2023-05-15 06:00:00,2023-05-28 14:59:59
460,89,5,3,0,2023-05-15 06:00:00,2023-05-28 14:59:59
461,8,2,1,0,2023-05-31 06:30:00,2023-06-20 05:59:59
462,9,4,1,0,2023-05-31 06:30:00,2023-06-20 05:59:59
463,8,2,1,0,2023-06-20 06:30:00,2023-07-06 23:59:59
464,9,4,1,0,2023-06-20 06:30:00,2023-07-06 23:59:59
465,91,1,2,1,2023-06-27 00:00:00,2023-06-29 23:59:59
466,80,1,3,0,2023-07-07 00:00:00,2023-07-24 05:59:59
467,13,1,1,0,2023-07-07 00:00:00,2023-07-24 05:59:59
468,8,5,1,0,2023-07-07 00:00:00,2023-07-24 05:59:59
469,89,10,3,0,2023-07-07 00:00:00,2023-07-24 05:59:59
470,96,1,3,0,2023-07-07 00:00:00,2023-07-24 05:59:59
471,100,1,3,0,2023-07-25 04:00:00,2023-08-10 05:59:59
472,101,1,3,0,2023-07-25 04:00:00,2023-08-10 05:59:59
473,102,5,3,0,2023-07-25 04:00:00,2023-08-10 05:59:59
474,103,3,3,0,2023-07-25 04:00:00,2023-08-10 05:59:59
475,89,10,3,0,2023-07-25 04:00:00,2023-08-10 05:59:59
476,96,1,3,0,2023-07-25 04:00:00,2023-08-10 05:59:59
477,13,1,1,0,2023-08-11 06:30:00,2023-08-23 05:59:59
478,8,2,1,0,2023-08-11 06:30:00,2023-08-23 05:59:59
479,9,4,1,0,2023-08-11 06:30:00,2023-08-23 05:59:59
480,91,1,2,1,2023-08-25 06:00:00,2023-09-13 23:59:59
481,94,1,3,0,2023-08-25 06:00:00,2023-09-13 14:59:59
482,102,5,3,0,2023-08-25 06:00:00,2023-09-13 14:59:59
483,98,1,3,0,2023-08-25 06:00:00,2023-09-13 14:59:59
484,89,10,3,0,2023-08-25 06:00:00,2023-09-13 14:59:59
485,96,2,3,0,2023-08-25 06:00:00,2023-09-13 14:59:59
486,94,1,3,0,2023-09-15 00:00:00,2023-10-04 05:59:59
487,102,5,3,0,2023-09-15 00:00:00,2023-10-04 05:59:59
488,98,1,3,0,2023-09-15 00:00:00,2023-10-04 05:59:59
489,89,10,3,0,2023-09-15 00:00:00,2023-10-04 05:59:59
490,96,2,3,0,2023-09-15 00:00:00,2023-10-04 05:59:59
491,8,2,1,0,2023-10-05 06:30:00,2023-10-20 05:59:59
492,9,4,1,0,2023-10-05 06:30:00,2023-10-20 05:59:59
493,102,3,3,0,2023-10-20 06:30:00,2023-11-03 05:59:59
494,98,1,3,0,2023-10-20 06:30:00,2023-11-03 05:59:59
495,9,6,1,0,2023-10-20 06:30:00,2023-11-03 05:59:59
496,94,1,3,0,2023-11-03 06:30:00,2023-11-15 05:59:59
497,102,3,3,0,2023-11-03 06:30:00,2023-11-15 05:59:59
498,98,1,3,0,2023-11-03 06:30:00,2023-11-15 05:59:59
499,104,6,3,0,2023-11-03 06:30:00,2023-11-15 05:59:59
500,105,1,3,0,2023-11-03 06:30:00,2023-11-15 05:59:59
501,91,1,2,1,2023-11-16 06:30:00,2023-11-18 23:59:59
502,8,2,1,0,2023-11-16 06:30:00,2023-11-22 04:59:59
503,9,4,1,0,2023-11-16 06:30:00,2023-11-22 04:59:59
504,8,2,1,0,2023-11-22 06:00:00,2023-11-29 23:59:59
505,89,4,3,0,2023-11-22 06:00:00,2023-11-29 23:59:59
506,107,3,3,0,2023-11-22 06:00:00,2023-12-07 05:59:59
507,102,3,3,0,2023-11-30 06:00:00,2023-12-12 05:59:59
508,98,1,3,0,2023-11-30 06:00:00,2023-12-12 05:59:59
509,104,8,3,0,2023-11-30 06:00:00,2023-12-12 05:59:59
510,102,2,3,0,2023-12-14 01:00:00,2023-12-25 05:59:59
511,98,1,3,0,2023-12-14 01:00:00,2023-12-25 05:59:59
512,89,5,3,0,2023-12-14 01:00:00,2023-12-25 05:59:59
513,92,2,3,0,2023-12-14 01:00:00,2023-12-25 05:59:59
514,91,1,2,1,2023-12-25 00:00:00,2023-12-31 23:59:59
515,102,1,3,0,2023-12-25 06:30:00,2023-12-31 05:59:59
516,98,1,3,0,2023-12-25 06:30:00,2023-12-31 05:59:59
517,89,5,3,0,2023-12-25 06:30:00,2023-12-31 05:59:59
518,96,1,3,0,2023-12-25 06:30:00,2023-12-31 05:59:59
519,94,1,3,0,2024-01-01 02:00:00,2024-01-17 05:59:59
520,87,4,3,0,2024-01-01 02:00:00,2024-01-17 05:59:59
521,108,1,3,0,2024-01-03 06:30:00,2024-01-17 05:59:59
522,8,2,1,0,2024-01-03 06:30:00,2024-01-17 05:59:59
523,9,4,1,0,2024-01-03 06:30:00,2024-01-17 05:59:59
524,13,1,1,0,2024-01-17 06:30:00,2024-02-01 05:59:59
525,8,3,1,0,2024-01-17 06:30:00,2024-02-01 05:59:59
526,84,1,1,0,2024-01-17 06:30:00,2024-02-01 05:59:59
527,9,6,1,0,2024-01-17 06:30:00,2024-02-01 05:59:59
528,13,1,1,0,2024-02-01 06:30:00,2024-02-15 05:59:59
529,8,2,1,0,2024-02-01 06:30:00,2024-02-15 05:59:59
530,9,4,1,0,2024-02-01 06:30:00,2024-02-15 05:59:59
531,102,3,3,0,2024-02-15 06:30:00,2024-02-20 05:59:59
532,98,1,3,0,2024-02-15 06:30:00,2024-02-20 05:59:59
533,9,6,1,0,2024-02-15 06:30:00,2024-02-20 05:59:59
534,102,5,3,0,2024-02-21 06:30:00,2024-03-01 05:59:59
535,98,2,3,0,2024-02-21 06:30:00,2024-03-01 05:59:59
536,9,8,1,0,2024-02-21 06:30:00,2024-03-01 05:59:59
537,13,1,1,0,2024-03-01 06:30:00,2024-03-17 05:59:59
538,8,2,1,0,2024-03-01 06:30:00,2024-03-17 05:59:59
539,9,4,1,0,2024-03-01 06:30:00,2024-03-17 05:59:59
540,102,5,3,0,2024-03-18 05:00:00,2024-03-31 05:59:59
541,98,1,3,0,2024-03-18 05:00:00,2024-03-31 05:59:59
542,9,8,1,0,2024-03-18 05:00:00,2024-03-31 05:59:59
543,102,3,3,0,2024-04-01 06:30:00,2024-04-15 05:59:59
544,109,1,3,0,2024-04-01 06:30:00,2024-04-15 05:59:59
545,104,6,3,0,2024-04-01 06:30:00,2024-04-15 05:59:59
546,105,1,3,0,2024-04-01 06:30:00,2024-04-15 05:59:59
547,8,2,1,0,2024-04-15 06:30:00,2024-04-25 05:59:59
548,9,4,1,0,2024-04-15 06:30:00,2024-04-25 05:59:59
549,94,1,3,0,2024-04-26 03:00:00,2024-05-13 14:59:59
550,102,5,3,0,2024-04-26 03:00:00,2024-05-13 14:59:59
551,110,7,3,0,2024-04-26 03:00:00,2024-05-13 14:59:59
552,111,1,3,0,2024-04-26 03:00:00,2024-05-13 14:59:59
553,92,2,3,0,2024-04-26 03:00:00,2024-05-28 14:59:59
554,102,1,3,0,2024-05-14 07:00:00,2024-05-29 14:59:59
555,98,2,3,0,2024-05-14 07:00:00,2024-05-29 14:59:59
556,89,5,3,0,2024-05-14 07:00:00,2024-05-29 14:59:59
557,8,2,1,0,2024-05-31 06:30:00,2024-06-20 05:59:59
558,9,4,1,0,2024-05-31 06:30:00,2024-06-20 05:59:59
559,8,2,1,0,2024-06-20 06:30:00,2024-07-06 05:59:59
560,9,4,1,0,2024-06-20 06:30:00,2024-07-06 05:59:59
561,80,1,3,0,2024-07-07 00:00:00,2024-07-25 05:59:59
562,102,5,3,0,2024-07-07 00:00:00,2024-07-25 05:59:59
563,98,1,3,0,2024-07-07 00:00:00,2024-07-25 05:59:59
564,89,10,3,0,2024-07-07 00:00:00,2024-07-25 05:59:59
565,96,1,3,0,2024-07-07 00:00:00,2024-07-25 05:59:59
566,80,1,3,0,2024-07-26 04:00:00,2024-08-12 05:59:59
567,102,5,3,0,2024-07-26 04:00:00,2024-08-12 05:59:59
568,98,1,3,0,2024-07-26 04:00:00,2024-08-12 05:59:59
569,89,10,3,0,2024-07-26 04:00:00,2024-08-12 05:59:59
570,96,1,3,0,2024-07-26 04:00:00,2024-08-12 05:59:59
571,8,3,1,0,2024-08-13 06:30:00,2024-08-21 05:59:59
572,9,4,1,0,2024-08-13 06:30:00,2024-08-21 05:59:59
573,102,2,3,0,2024-08-21 06:30:00,2024-08-27 05:59:59
574,98,1,3,0,2024-08-21 06:30:00,2024-08-27 05:59:59
575,9,4,1,0,2024-08-21 06:30:00,2024-08-27 05:59:59
576,102,5,3,0,2024-08-28 06:00:00,2024-09-11 14:59:59
577,98,1,3,0,2024-08-28 06:00:00,2024-09-11 14:59:59
578,104,7,3,0,2024-08-28 06:00:00,2024-09-11 14:59:59
579,96,2,3,0,2024-08-28 06:00:00,2024-09-11 14:59:59
580,102,5,3,0,2024-09-14 01:00:00,2024-10-02 14:59:59
581,98,1,3,0,2024-09-14 01:00:00,2024-10-02 14:59:59
582,104,7,3,0,2024-09-14 01:00:00,2024-10-02 14:59:59
583,96,2,3,0,2024-09-14 01:00:00,2024-10-02 14:59:59
584,102,2,3,0,2024-10-03 04:00:00,2024-10-14 14:59:59
585,98,2,3,0,2024-10-03 04:00:00,2024-10-14 14:59:59
586,9,5,1,0,2024-10-03 04:00:00,2024-10-14 14:59:59
587,8,1,1,0,2024-10-16 04:00:00,2024-10-22 03:59:59
588,9,3,1,0,2024-10-16 04:00:00,2024-10-22 03:59:59
589,8,3,1,0,2024-10-22 05:00:00,2024-10-31 03:00:00
590,9,4,1,0,2024-10-22 05:00:00,2024-10-31 03:00:00
591,102,2,3,0,2024-10-31 04:00:00,2024-11-10 14:59:59
592,98,2,3,0,2024-10-31 04:00:00,2024-11-10 14:59:59
593,9,5,1,0,2024-10-31 04:00:00,2024-11-10 14:59:59
594,8,3,1,0,2024-11-12 04:00:00,2024-11-27 14:59:59
595,89,6,3,0,2024-11-12 04:00:00,2024-11-27 14:59:59
596,96,2,3,0,2024-11-21 05:00:00,2024-12-05 14:59:59
9997,10,1,2,1,2023-11-19 00:00:00,2023-12-24 23:59:59
9998,10,1,2,1,2024-01-01 00:00:00,2038-01-01 00:00:00
9999,10,1,2,1,2023-09-14 00:00:00,2023-11-16 06:29:59
